ticker,name,market,date,시가,종가
0070X0,에스테크엠,KONEX,20260907,11400,10250
0203K0,송우인포텍,KONEX,20260907,0,10850
052960,태양3C,KONEX,20260907,3595,3595
059180,엔더블유시,KONEX,20260907,0,3970
066830,제노텍,KONEX,20260907,1110,1298
076340,지에이이노더스,KONEX,20260907,4095,4095
086220,광동헬스바이오,KONEX,20260907,1000,995
092590,럭스피아,KONEX,20260907,620,620
093510,엔지브이아이,KONEX,20260907,602,602
102950,아하,KONEX,20260907,1750,1704
103660,씨앗,KONEX,20260907,1600,1498
112190,KC산업,KONEX,20260907,1246,1233
114920,대주이엔티,KONEX,20260907,2895,2895
116100,태양기계,KONEX,20260907,600,605
121060,유니포인트,KONEX,20260907,703,703
122830,원포유,KONEX,20260907,1348,1335
136660,큐엠씨,KONEX,20260907,2450,2450
140610,엔솔바이오사이언스,KONEX,20260907,10500,10090
140660,위월드,KONEX,20260907,748,748
149010,아이케이세미콘,KONEX,20260907,0,3590
162120,루켄테크놀러지스,KONEX,20260907,3995,4010
169670,코스텍시스템,KONEX,20260907,4900,4880
176590,코나솔,KONEX,20260907,2300,2200
178600,대동고려삼,KONEX,20260907,1900,1789
179720,머니무브,KONEX,20260907,5440,5600
180060,탑선,KONEX,20260907,4900,4770
185190,수프로,KONEX,20260907,899,899
189350,코셋,KONEX,20260907,1971,1791
191600,블루탑,KONEX,20260907,12620,12620
199150,데이터스트림즈,KONEX,20260907,1760,1685
199290,바이오프로테크,KONEX,20260907,381,380
200580,메디쎄이,KONEX,20260907,10050,10890
202960,판도라티비,KONEX,20260907,401,328
206950,볼빅,KONEX,20260907,2150,1876
207490,에이펙스인텍,KONEX,20260907,6410,6600
208850,이비테크,KONEX,20260907,4600,4700
208890,미래엔에듀파트너,KONEX,20260907,0,903
212310,오건에코텍,KONEX,20260907,0,635
215570,크로넥스,KONEX,20260907,700,700
216400,인바이츠바이오코아,KONEX,20260907,1890,1608
217320,썬테크,KONEX,20260907,10000,10000
217880,틸론,KONEX,20260907,1100,1053
217910,에스제이켐,KONEX,20260907,260,250
217950,파마리서치바이오,KONEX,20260907,30600,30850
222670,플럼라인생명과학,KONEX,20260907,0,4635
223220,로지스몬,KONEX,20260907,120,100
224760,엔에스컴퍼니,KONEX,20260907,0,2535
224810,엄지하우스,KONEX,20260907,1540,1540
227420,도부,KONEX,20260907,799,796
229500,노브메타파마,KONEX,20260907,4700,4880
232530,이엠티,KONEX,20260907,11000,10000
233250,메디안디노스틱,KONEX,20260907,5000,5000
233990,질경이,KONEX,20260907,1198,1030
234070,에이원큐브텍,KONEX,20260907,925,924
236030,씨알푸드,KONEX,20260907,2800,2920
236340,메디젠휴먼케어,KONEX,20260907,2000,1850
238500,솔루믹스,KONEX,20260907,0,475
238540,나노솔루션,KONEX,20260907,0,103800
243870,아이티센코어,KONEX,20260907,8370,8400
244880,나눔테크,KONEX,20260907,1795,1697
245450,씨앤에스링크,KONEX,20260907,1897,1897
250030,진코스텍,KONEX,20260907,20000,20000
251280,안지오랩,KONEX,20260907,3300,3200
253610,루트락,KONEX,20260907,688,579
254160,제이엠멀티,KONEX,20260907,3400,3300
258050,테크트랜스,KONEX,20260907,0,449
260870,SK시그넷,KONEX,20260907,8020,8100
266170,레드우즈,KONEX,20260907,0,1050
266350,팡스카이,KONEX,20260907,0,398
266470,바이오인프라생명과학,KONEX,20260907,119,112
267080,세븐브로이맥주,KONEX,20260907,0,486
270210,에스알바이오텍,KONEX,20260907,12000,12970
276240,엘리비젼,KONEX,20260907,715,679
278990,EMB,KONEX,20260907,3100,3100
279060,이노벡스,KONEX,20260907,0,115
289170,바이오텐,KONEX,20260907,3000,2795
296160,프로젠,KONEX,20260907,2700,2585
296520,가이아코퍼레이션,KONEX,20260907,0,702
299480,지앤이헬스케어,KONEX,20260907,515,550
302920,더콘텐츠온,KONEX,20260907,1400,1390
311060,엘에이티,KONEX,20260907,3290,3265
311960,인터로이드,KONEX,20260907,1500,1793
317860,노드메이슨,KONEX,20260907,0,4000
318660,타임기술,KONEX,20260907,3900,3800
322970,무진메디,KONEX,20260907,1940,1950
331660,한국미라클피플사,KONEX,20260907,3910,3910
332190,오션스바이오,KONEX,20260907,3070,2700
336040,타스컴,KONEX,20260907,4000,3990
337840,유엑스엔,KONEX,20260907,6390,6250
341170,퓨쳐메디신,KONEX,20260907,0,496
346010,타이드,KONEX,20260907,0,1000
351020,미쥬,KONEX,20260907,7140,7140
354390,바스칸바이오제약,KONEX,20260907,0,3575
379390,이성씨엔아이,KONEX,20260907,0,5600
390110,애니메디솔루션,KONEX,20260907,297,297
402420,켈스,KONEX,20260907,1899,1899
403360,라피치,KONEX,20260907,6590,6400
403810,아이엘로보틱스,KONEX,20260907,2325,2250
413300,티엘엔지니어링,KONEX,20260907,1928,1899
434190,탈로스,KONEX,20260907,2595,2600
446440,에피바이오텍,KONEX,20260907,12980,12980
447690,아이오바이오,KONEX,20260907,2570,2140
448780,마이크로엔엑스,KONEX,20260907,739,733
456190,큐라켐,KONEX,20260907,0,7210
456570,아이엠지티,KONEX,20260907,14500,14450
476710,타조이엔터테인먼트,KONEX,20260907,0,17000
495810,유비씨,KONEX,20260907,0,13120
496320,본시스템즈,KONEX,20260907,0,1023000
0001A0,덕양에너젠,KOSDAQ,20260907,8920,9120
000250,삼천당제약,KOSDAQ,20260907,160100,163000
000440,중앙에너비스,KOSDAQ,20260907,11950,12170
0004V0,엔비알모션,KOSDAQ,20260907,5520,5580
0004Y0,디비금융제14호스팩,KOSDAQ,20260907,1992,1993
0007C0,아크릴,KOSDAQ,20260907,16380,16110
0007J0,인벤테라,KOSDAQ,20260907,8190,8390
0008Z0,에스엔시스,KOSDAQ,20260907,24450,23900
0009K0,에임드바이오,KOSDAQ,20260907,23650,24250
001000,신라섬유,KOSDAQ,20260907,0,462
0010F0,보원케미칼,KOSDAQ,20260907,2145,2135
0010V0,제이피아이헬스케어,KOSDAQ,20260907,8680,8830
0011A0,액스비스,KOSDAQ,20260907,8230,8550
0011T0,채비,KOSDAQ,20260907,4565,4695
0013V0,삼진식품,KOSDAQ,20260907,4990,4995
001540,안국약품,KOSDAQ,20260907,10600,10480
0015G0,그린광학,KOSDAQ,20260907,14300,14050
0015N0,아로마티카,KOSDAQ,20260907,10120,9220
0015S0,페스카로,KOSDAQ,20260907,6830,6930
0017J0,세미티에스,KOSDAQ,20260907,2585,2555
001810,무림SP,KOSDAQ,20260907,1177,1176
001840,이화공영,KOSDAQ,20260907,0,2215
002230,피에스텍,KOSDAQ,20260907,5050,5120
002290,삼일기업공사,KOSDAQ,20260907,3380,3350
002680,한탑,KOSDAQ,20260907,2680,2505
002800,신신제약,KOSDAQ,20260907,4645,4630
003100,선광,KOSDAQ,20260907,21050,21100
003310,대주산업,KOSDAQ,20260907,1681,1704
003380,하림지주,KOSDAQ,20260907,11140,11220
0037T0,KB제32호스팩,KOSDAQ,20260907,1995,1991
003800,에이스침대,KOSDAQ,20260907,32500,32900
0039P0,매드업,KOSDAQ,20260907,8200,9340
0041B0,교보18호스팩,KOSDAQ,20260907,2005,2005
0041J0,엘에스스팩1호,KOSDAQ,20260907,1986,1988
0041L0,하나35호스팩,KOSDAQ,20260907,1994,1994
0044K0,삼성스팩10호,KOSDAQ,20260907,1994,1992
004590,한국가구,KOSDAQ,20260907,5080,5070
004650,창해에탄올,KOSDAQ,20260907,9420,9390
004780,대륙제관,KOSDAQ,20260907,4195,4200
005160,동국산업,KOSDAQ,20260907,2560,2530
005290,동진쎄미켐,KOSDAQ,20260907,41050,41550
0054V0,엔에이치스팩32호,KOSDAQ,20260907,2010,2000
005670,푸드웰,KOSDAQ,20260907,6480,6400
005710,대원산업,KOSDAQ,20260907,10750,10710
005860,한일사료,KOSDAQ,20260907,2405,2390
005990,매일홀딩스,KOSDAQ,20260907,10950,10960
006050,국영지앤엠,KOSDAQ,20260907,4795,4855
006140,피제이전자,KOSDAQ,20260907,4780,4740
006620,동구바이오제약,KOSDAQ,20260907,3610,3595
006730,서부T&D,KOSDAQ,20260907,11280,11080
0068Y0,비엔케이제3호스팩,KOSDAQ,20260907,1988,1969
006910,보성파워텍,KOSDAQ,20260907,6930,7330
006920,모헨즈,KOSDAQ,20260907,3390,3435
0071M0,삼성스팩11호,KOSDAQ,20260907,1980,1980
0072Z0,KB제33호스팩,KOSDAQ,20260907,1986,1986
007330,푸른저축은행,KOSDAQ,20260907,10000,10100
007370,진양제약,KOSDAQ,20260907,4020,4000
007390,네이처셀,KOSDAQ,20260907,24050,24700
007530,와이엠,KOSDAQ,20260907,1578,1554
007680,대원,KOSDAQ,20260907,3365,3365
007720,소노스퀘어,KOSDAQ,20260907,1322,1241
007770,한일화학,KOSDAQ,20260907,8220,8060
007820,엠엑스로보틱스,KOSDAQ,20260907,3870,3715
008290,원풍물산,KOSDAQ,20260907,299,299
0082N0,카나프테라퓨틱스,KOSDAQ,20260907,15200,14330
008370,원풍,KOSDAQ,20260907,4990,4990
008470,부스타,KOSDAQ,20260907,1700,1698
008830,대동기어,KOSDAQ,20260907,6420,6440
0088D0,메리츠제1호스팩,KOSDAQ,20260907,2075,2075
0088M0,메쥬,KOSDAQ,20260907,12990,13250
0091W0,신영스팩11호,KOSDAQ,20260907,2025,2015
009300,삼아제약,KOSDAQ,20260907,14300,13890
0093G0,미래에셋비전스팩8호,KOSDAQ,20260907,1981,1989
009520,포스코엠텍,KOSDAQ,20260907,12650,12710
009620,삼보산업,KOSDAQ,20260907,0,870
0096B0,삼성스팩12호,KOSDAQ,20260907,1982,1986
0096D0,미래에셋비전스팩9호,KOSDAQ,20260907,1967,1975
009730,이렘,KOSDAQ,20260907,1994,2035
009780,엠에스씨,KOSDAQ,20260907,7140,6940
0097F0,미래에셋비전스팩10호,KOSDAQ,20260907,1981,1988
0098T0,교보19호스팩,KOSDAQ,20260907,1996,1997
0099W0,미래에셋비전스팩11호,KOSDAQ,20260907,1981,1981
0099X0,IBKS제25호스팩,KOSDAQ,20260907,0,2180
010170,대한광통신,KOSDAQ,20260907,13420,13470
0101C0,하나36호스팩,KOSDAQ,20260907,1984,1975
010240,흥국,KOSDAQ,20260907,5400,5410
010280,아이티센엔텍,KOSDAQ,20260907,5490,5460
010470,오리콤,KOSDAQ,20260907,4850,4900
0105P0,유진스팩12호,KOSDAQ,20260907,1990,1985
011040,경동제약,KOSDAQ,20260907,5070,5160
011080,형지I&C,KOSDAQ,20260907,896,845
011320,유니크,KOSDAQ,20260907,3835,3795
011370,서한,KOSDAQ,20260907,3900,3945
011560,세보엠이씨,KOSDAQ,20260907,24550,26250
0115H0,삼성스팩13호,KOSDAQ,20260907,2005,2005
0117P0,피스피스스튜디오,KOSDAQ,20260907,5580,5480
012210,삼미금속,KOSDAQ,20260907,8660,10200
012340,뉴인텍,KOSDAQ,20260907,549,548
012620,원일특강,KOSDAQ,20260907,7140,7050
012700,리드코프,KOSDAQ,20260907,2995,2990
012790,신일제약,KOSDAQ,20260907,6020,6020
012860,모베이스전자,KOSDAQ,20260907,2235,2255
0129K0,신한제18호스팩,KOSDAQ,20260907,1972,1972
013030,하이록코리아,KOSDAQ,20260907,34300,33800
0130D0,신한제17호스팩,KOSDAQ,20260907,1971,1976
0130H0,엔에이치스팩33호,KOSDAQ,20260907,1999,1991
013120,동원개발,KOSDAQ,20260907,2175,2145
0131D0,키움히어로제2호스팩,KOSDAQ,20260907,1965,1965
0132G0,교보20호스팩,KOSDAQ,20260907,1994,1992
013310,아진산업,KOSDAQ,20260907,2375,2365
0134X0,대신밸런스제20호스팩,KOSDAQ,20260907,1970,1979
013720,청보,KOSDAQ,20260907,2370,2355
013810,스페코,KOSDAQ,20260907,1555,1572
013990,아가방컴퍼니,KOSDAQ,20260907,4630,4730
014100,메디앙스,KOSDAQ,20260907,1650,1644
014190,원익큐브,KOSDAQ,20260907,1300,1282
014470,부방,KOSDAQ,20260907,1007,994
014570,고려제약,KOSDAQ,20260907,3500,3500
014620,성광벤드,KOSDAQ,20260907,30500,31300
014940,오리엔탈정공,KOSDAQ,20260907,4630,4625
014950,삼익제약,KOSDAQ,20260907,6930,8780
014970,삼륭물산,KOSDAQ,20260907,4490,4405
0155E0,해치텍,KOSDAQ,20260907,13050,14650
0156T0,에이치엘지노믹스,KOSDAQ,20260907,8990,9200
015710,코콤,KOSDAQ,20260907,2930,2930
015750,성우하이텍,KOSDAQ,20260907,6020,6090
016100,리더스코스메틱,KOSDAQ,20260907,1182,1160
016250,SGC E&C,KOSDAQ,20260907,11900,11910
0164H0,한국제16호스팩,KOSDAQ,20260907,1952,1956
0165X0,메리츠제2호스팩,KOSDAQ,20260907,1954,1954
016600,큐캐피탈,KOSDAQ,20260907,2490,2520
016670,디모아,KOSDAQ,20260907,2440,2515
016790,현대사료,KOSDAQ,20260907,0,994
016920,카스,KOSDAQ,20260907,1110,1121
017000,신원종합개발,KOSDAQ,20260907,2500,2455
017250,인터엠,KOSDAQ,20260907,1058,1056
017480,삼현철강,KOSDAQ,20260907,4785,4755
017510,세명전기,KOSDAQ,20260907,7220,7260
017650,대림제지,KOSDAQ,20260907,10710,10640
017890,한국알콜,KOSDAQ,20260907,14410,14430
018000,유니슨,KOSDAQ,20260907,1245,1241
018120,진로발효,KOSDAQ,20260907,16570,16670
018290,브이티,KOSDAQ,20260907,12440,12350
018310,삼목에스폼,KOSDAQ,20260907,13800,13800
018620,우진비앤지,KOSDAQ,20260907,2770,2755
018680,서울제약,KOSDAQ,20260907,1954,1971
018700,졸스,KOSDAQ,20260907,1455,1432
019010,베뉴지,KOSDAQ,20260907,4670,4650
019210,와이지-원,KOSDAQ,20260907,14490,14290
019540,일지테크,KOSDAQ,20260907,5460,5390
019550,SBI인베스트먼트,KOSDAQ,20260907,1023,1046
019570,GMI벤처,KOSDAQ,20260907,2865,2810
019660,글로본,KOSDAQ,20260907,1526,1500
019770,서연탑메탈,KOSDAQ,20260907,3350,3330
019990,에너토크,KOSDAQ,20260907,4880,4865
020180,대신정보통신,KOSDAQ,20260907,3995,3935
020400,대동금속,KOSDAQ,20260907,2870,2885
020710,시공테크,KOSDAQ,20260907,3665,3700
021040,대호특수강,KOSDAQ,20260907,975,965
021045,대호특수강우,KOSDAQ,20260907,2555,2495
021080,에이티넘인베스트,KOSDAQ,20260907,2180,2185
021320,KCC건설,KOSDAQ,20260907,5630,5640
021650,한국큐빅,KOSDAQ,20260907,1993,1997
021880,메이슨캐피탈,KOSDAQ,20260907,1270,1313
0218L0,네오뷰,KOSDAQ,20260907,13340,13680
022220,티케이지애강,KOSDAQ,20260907,894,894
023160,태광,KOSDAQ,20260907,26150,26500
023410,유진기업,KOSDAQ,20260907,3230,3230
023440,제이스코홀딩스,KOSDAQ,20260907,0,521
023600,삼보판지,KOSDAQ,20260907,9430,9350
023760,한국캐피탈,KOSDAQ,20260907,1423,1401
023770,플레이위드,KOSDAQ,20260907,2870,2895
023790,동일스틸럭스,KOSDAQ,20260907,1447,1604
023900,풍국주정,KOSDAQ,20260907,7350,7320
023910,대한약품,KOSDAQ,20260907,27100,26750
024060,흥구석유,KOSDAQ,20260907,11030,11230
024120,KB오토시스,KOSDAQ,20260907,3100,3120
024740,한일단조,KOSDAQ,20260907,2085,2275
024800,유성티엔에스,KOSDAQ,20260907,4720,4760
024830,세원물산,KOSDAQ,20260907,8480,8430
024840,KBI메탈,KOSDAQ,20260907,5230,5310
024850,HLB이노베이션,KOSDAQ,20260907,16660,16300
024880,케이피에프,KOSDAQ,20260907,3870,3875
024910,경창산업,KOSDAQ,20260907,1582,1580
024940,PN풍년,KOSDAQ,20260907,1955,1910
024950,삼천리자전거,KOSDAQ,20260907,4600,4640
025320,시노펙스,KOSDAQ,20260907,3885,3885
025440,DH오토웨어,KOSDAQ,20260907,3390,3400
025550,한국선재,KOSDAQ,20260907,2140,2115
025770,한국정보통신,KOSDAQ,20260907,7850,7930
025870,신라에스지,KOSDAQ,20260907,1172,1495
025880,케이씨피드,KOSDAQ,20260907,2365,2375
025900,동화기업,KOSDAQ,20260907,7230,7140
025950,동신건설,KOSDAQ,20260907,10160,10230
025980,아난티,KOSDAQ,20260907,5640,5470
026040,제이에스티나,KOSDAQ,20260907,2600,2530
026150,특수건설,KOSDAQ,20260907,3885,3880
026910,광진실업,KOSDAQ,20260907,3295,3295
027040,서울전자통신,KOSDAQ,20260907,1810,1788
027050,코리아나,KOSDAQ,20260907,1301,1322
027360,아주IB투자,KOSDAQ,20260907,3195,3150
027580,상보,KOSDAQ,20260907,1710,1688
027710,팜스토리,KOSDAQ,20260907,1145,1138
027830,대성창투,KOSDAQ,20260907,926,908
028080,휴맥스홀딩스,KOSDAQ,20260907,4900,4950
028300,HLB,KOSDAQ,20260907,34000,32950
029480,광무,KOSDAQ,20260907,1428,1475
030350,드래곤플라이,KOSDAQ,20260907,0,973
030520,한컴,KOSDAQ,20260907,17700,17380
030530,원익홀딩스,KOSDAQ,20260907,23100,22350
030960,양지사,KOSDAQ,20260907,4790,4800
031310,아이즈비전,KOSDAQ,20260907,1029,1001
031330,에스에이엠티,KOSDAQ,20260907,8150,8040
031510,오스템,KOSDAQ,20260907,1135,1145
031860,디에이치엑스컴퍼니,KOSDAQ,20260907,0,6930
031980,피에스케이홀딩스,KOSDAQ,20260907,152000,156000
032080,아즈텍WB,KOSDAQ,20260907,1072,1097
032190,다우데이타,KOSDAQ,20260907,20150,20200
032280,삼일,KOSDAQ,20260907,1386,1360
032300,한국파마,KOSDAQ,20260907,8040,7890
032500,케이엠더블유,KOSDAQ,20260907,14790,14730
032540,TJ미디어,KOSDAQ,20260907,3600,3650
032580,피델릭스,KOSDAQ,20260907,4785,4900
032620,GC메디아이,KOSDAQ,20260907,3120,3075
032680,소프트센,KOSDAQ,20260907,923,902
032685,소프트센우,KOSDAQ,20260907,9250,8700
032750,삼진,KOSDAQ,20260907,3015,2980
032790,엠젠솔루션,KOSDAQ,20260907,1202,1399
032800,판타지오,KOSDAQ,20260907,1478,1479
032820,우리기술,KOSDAQ,20260907,10850,10920
032850,비트컴퓨터,KOSDAQ,20260907,3775,3820
032860,더라미,KOSDAQ,20260907,2895,2780
032940,원익,KOSDAQ,20260907,10030,9890
032960,동일기연,KOSDAQ,20260907,2055,2055
033050,제이엠아이,KOSDAQ,20260907,830,825
033100,제룡전기,KOSDAQ,20260907,45300,45900
033130,디지틀조선,KOSDAQ,20260907,1840,1784
033160,엠케이전자,KOSDAQ,20260907,14300,13640
033170,시그네틱스,KOSDAQ,20260907,1900,1813
033200,모아텍,KOSDAQ,20260907,2590,2530
033230,인성정보,KOSDAQ,20260907,1063,1053
033290,로젠,KOSDAQ,20260907,1530,1525
033310,엠투엔,KOSDAQ,20260907,1469,1450
033320,제이씨현시스템,KOSDAQ,20260907,3120,3090
033340,좋은사람들,KOSDAQ,20260907,525,649
033500,동성화인텍,KOSDAQ,20260907,17190,17120
033540,파라텍,KOSDAQ,20260907,3240,3215
033560,블루콤,KOSDAQ,20260907,4685,4635
033640,네패스,KOSDAQ,20260907,22200,22550
033790,피노,KOSDAQ,20260907,10350,9460
033830,티비씨,KOSDAQ,20260907,1691,1738
034810,해성산업,KOSDAQ,20260907,6140,6080
03481K,해성산업1우,KOSDAQ,20260907,6180,6150
034940,조아제약,KOSDAQ,20260907,2830,2905
034950,한국기업평가,KOSDAQ,20260907,103100,103200
035080,그래디언트,KOSDAQ,20260907,12200,11880
035200,프럼파스트,KOSDAQ,20260907,2880,2915
035290,골드앤에스,KOSDAQ,20260907,1343,1195
035460,기산텔레콤,KOSDAQ,20260907,2305,2300
035600,KG이니시스,KOSDAQ,20260907,10450,10290
035610,솔본,KOSDAQ,20260907,5050,4795
035620,바른손이앤에이,KOSDAQ,20260907,684,683
035760,CJ ENM,KOSDAQ,20260907,32950,33600
035810,이지홀딩스,KOSDAQ,20260907,4695,4745
035890,서희건설,KOSDAQ,20260907,2320,2365
035900,JYP Ent.,KOSDAQ,20260907,39350,39500
036000,예림당,KOSDAQ,20260907,2895,2920
036010,아비코전자,KOSDAQ,20260907,7030,7250
036030,케이티알파,KOSDAQ,20260907,4760,4725
036090,위지트,KOSDAQ,20260907,1355,1354
036120,서울평가정보,KOSDAQ,20260907,1690,1708
036170,에이치엠넥스,KOSDAQ,20260907,2290,2225
036190,금화피에스시,KOSDAQ,20260907,33150,34200
036200,유니셈,KOSDAQ,20260907,9260,9030
036220,오상헬스케어,KOSDAQ,20260907,6720,6640
036480,대성미생물,KOSDAQ,20260907,6380,6160
036540,SFA반도체,KOSDAQ,20260907,5780,6010
036560,KZ정밀,KOSDAQ,20260907,12300,12220
036620,감성코퍼레이션,KOSDAQ,20260907,3730,3920
036630,세종텔레콤,KOSDAQ,20260907,9000,9090
036640,HRS,KOSDAQ,20260907,4900,4915
036670,삼양케이씨아이,KOSDAQ,20260907,5110,5070
036690,코맥스,KOSDAQ,20260907,0,2885
036710,심텍홀딩스,KOSDAQ,20260907,3960,4060
036800,나이스정보통신,KOSDAQ,20260907,7300,7270
036810,에프에스티,KOSDAQ,20260907,26250,25500
036830,솔브레인홀딩스,KOSDAQ,20260907,44200,42450
036890,진성티이씨,KOSDAQ,20260907,13250,12860
036930,주성엔지니어링,KOSDAQ,20260907,184800,187200
037030,파워넷,KOSDAQ,20260907,3185,3135
037070,파세코,KOSDAQ,20260907,6150,6010
037230,한국팩키지,KOSDAQ,20260907,1405,1392
037330,인지디스플레,KOSDAQ,20260907,732,729
037350,성도이엔지,KOSDAQ,20260907,7280,7410
037370,EG,KOSDAQ,20260907,3585,3685
037400,우리엔터프라이즈,KOSDAQ,20260907,3180,3900
037440,희림,KOSDAQ,20260907,4310,4340
037460,삼지전자,KOSDAQ,20260907,30300,30250
037760,쎄니트,KOSDAQ,20260907,2395,2400
037950,엘컴텍,KOSDAQ,20260907,2900,2980
038010,제일테크노스,KOSDAQ,20260907,5400,5300
038060,루멘스,KOSDAQ,20260907,824,815
038070,서린바이오,KOSDAQ,20260907,4285,4245
038110,에코플라스틱,KOSDAQ,20260907,2070,2050
038290,마크로젠,KOSDAQ,20260907,12300,12230
038390,레드캡투어,KOSDAQ,20260907,9970,10040
038460,바이오스마트,KOSDAQ,20260907,2685,2660
038500,삼표시멘트,KOSDAQ,20260907,7290,7240
038530,케이바이오랩스,KOSDAQ,20260907,0,999
038540,상상인,KOSDAQ,20260907,2095,1980
038620,위즈코프,KOSDAQ,20260907,1885,1942
038680,에스넷,KOSDAQ,20260907,3930,3820
038870,에코심플렉스,KOSDAQ,20260907,1798,1816
038880,아이에이,KOSDAQ,20260907,3000,3335
038950,파인디지털,KOSDAQ,20260907,3245,3240
039010,현대에이치티,KOSDAQ,20260907,7930,7920
039020,이건홀딩스,KOSDAQ,20260907,2660,2660
039030,이오테크닉스,KOSDAQ,20260907,468000,456000
039200,오스코텍,KOSDAQ,20260907,36600,35950
039240,경남스틸,KOSDAQ,20260907,1907,1899
039290,인포뱅크,KOSDAQ,20260907,3840,3805
039310,세중,KOSDAQ,20260907,1399,1364
039340,한국경제TV,KOSDAQ,20260907,4905,4905
039420,케이엘넷,KOSDAQ,20260907,2710,2740
039440,에스티아이,KOSDAQ,20260907,20050,19800
039560,다산네트웍스,KOSDAQ,20260907,2445,2380
039610,화성밸브,KOSDAQ,20260907,5720,5730
039740,한국정보공학,KOSDAQ,20260907,3075,3070
039830,오로라,KOSDAQ,20260907,15270,15230
039840,디오,KOSDAQ,20260907,10910,11250
039860,나노엔텍,KOSDAQ,20260907,4180,4135
039980,폴라리스AI,KOSDAQ,20260907,5490,5360
040160,누리플렉스,KOSDAQ,20260907,6750,6930
040300,YTN,KOSDAQ,20260907,1994,2010
040350,크레오에스지,KOSDAQ,20260907,4540,4620
040420,정상제이엘에스,KOSDAQ,20260907,5800,5830
040610,SG&G,KOSDAQ,20260907,3165,3185
040910,아이씨디,KOSDAQ,20260907,4420,4435
041020,폴라리스오피스,KOSDAQ,20260907,3045,3015
041190,우리기술투자,KOSDAQ,20260907,6100,6030
041440,현대에버다임,KOSDAQ,20260907,6680,6730
041460,한국전자인증,KOSDAQ,20260907,3545,3545
041510,에스엠,KOSDAQ,20260907,78500,79900
041520,이엘씨,KOSDAQ,20260907,11390,11760
041590,플래스크,KOSDAQ,20260907,0,2370
041830,인바디,KOSDAQ,20260907,61100,60000
041910,폴라리스AI파마,KOSDAQ,20260907,5400,5440
041920,메디아나,KOSDAQ,20260907,8420,8500
041930,SY동아,KOSDAQ,20260907,5000,5170
041960,코미팜,KOSDAQ,20260907,9800,9920
042000,카페24,KOSDAQ,20260907,16180,16130
042040,케이피엠테크,KOSDAQ,20260907,4575,4615
042110,에스씨디,KOSDAQ,20260907,1071,1051
042370,비츠로테크,KOSDAQ,20260907,8130,8180
042420,네오위즈홀딩스,KOSDAQ,20260907,23900,23900
042500,링네트,KOSDAQ,20260907,4450,4335
042510,라온시큐어,KOSDAQ,20260907,9070,8670
042520,한스바이오메드,KOSDAQ,20260907,20000,19600
042600,새로닉스,KOSDAQ,20260907,12010,11530
042940,상지건설,KOSDAQ,20260907,6000,5980
043100,알파AI,KOSDAQ,20260907,0,520
043150,바텍,KOSDAQ,20260907,18600,18240
043200,파루,KOSDAQ,20260907,1197,1200
043220,티에스넥스젠,KOSDAQ,20260907,0,1710
043260,성호전자,KOSDAQ,20260907,15970,15870
043340,에쎈테크,KOSDAQ,20260907,847,828
043360,디지아이,KOSDAQ,20260907,2555,2600
043370,피에이치에이,KOSDAQ,20260907,11250,11180
043590,웰킵스하이텍,KOSDAQ,20260907,1477,1476
043610,KT지니뮤직,KOSDAQ,20260907,1189,1184
043650,국순당,KOSDAQ,20260907,3575,3600
043710,코스리거글로벌,KOSDAQ,20260907,3245,3185
043910,자연과환경,KOSDAQ,20260907,3535,3500
044180,KD,KOSDAQ,20260907,0,205
044340,위닉스,KOSDAQ,20260907,3390,3270
044480,빌리언스,KOSDAQ,20260907,0,820
044490,태웅,KOSDAQ,20260907,32450,32850
044780,에이치케이,KOSDAQ,20260907,1400,1401
044960,이글벳,KOSDAQ,20260907,3195,3175
044990,에이치엔에스하이텍,KOSDAQ,20260907,11300,10920
045060,오공,KOSDAQ,20260907,2145,2160
045100,한양이엔지,KOSDAQ,20260907,30650,31400
045300,성우테크론,KOSDAQ,20260907,2690,2650
045340,토탈소프트,KOSDAQ,20260907,6860,6800
045390,대아티아이,KOSDAQ,20260907,3730,3705
045510,정원엔시스,KOSDAQ,20260907,1104,1095
045520,크린앤사이언스,KOSDAQ,20260907,2390,2575
045660,에이텍,KOSDAQ,20260907,9420,9350
045970,코아시아,KOSDAQ,20260907,3050,3140
046070,코다코,KOSDAQ,20260907,0,82300
046120,오르비텍,KOSDAQ,20260907,4350,4660
046210,HLB파나진,KOSDAQ,20260907,1122,1155
046310,백금T&A,KOSDAQ,20260907,2215,2235
046390,삼화네트웍스,KOSDAQ,20260907,2235,2150
046440,KG파이낸셜,KOSDAQ,20260907,4245,4230
046890,서울반도체,KOSDAQ,20260907,9800,9710
046940,우원개발,KOSDAQ,20260907,2945,2905
046970,우리로,KOSDAQ,20260907,4890,4855
047080,한빛소프트,KOSDAQ,20260907,1075,1095
047310,파워로직스,KOSDAQ,20260907,3045,3035
047560,이스트소프트,KOSDAQ,20260907,7290,7630
047770,코데즈컴바인,KOSDAQ,20260907,4005,4070
047820,초록뱀미디어,KOSDAQ,20260907,3095,3120
047920,HLB제약,KOSDAQ,20260907,7880,7610
048410,현대바이오,KOSDAQ,20260907,6270,6280
048430,유라테크,KOSDAQ,20260907,6130,6500
048470,대동스틸,KOSDAQ,20260907,2815,2805
048530,인트론바이오,KOSDAQ,20260907,2875,2870
048550,SM C&C,KOSDAQ,20260907,1081,1105
048770,TPC로보틱스,KOSDAQ,20260907,4515,4375
048830,엔피케이,KOSDAQ,20260907,1053,1031
048870,시너지이노베이션,KOSDAQ,20260907,1595,1577
048910,대원미디어,KOSDAQ,20260907,6440,6570
049070,인탑스,KOSDAQ,20260907,20950,19280
049080,기가레인,KOSDAQ,20260907,7970,7790
049120,파인디앤씨,KOSDAQ,20260907,3080,3220
049180,셀루메드,KOSDAQ,20260907,0,1009
049430,코메론,KOSDAQ,20260907,22450,21750
049470,비트플래닛,KOSDAQ,20260907,2460,2465
049480,오픈베이스,KOSDAQ,20260907,1865,1826
049520,유아이엘,KOSDAQ,20260907,3865,3875
049550,잉크테크,KOSDAQ,20260907,3470,3460
049630,재영솔루텍,KOSDAQ,20260907,7180,7060
049720,고려신용정보,KOSDAQ,20260907,9140,9100
049830,승일,KOSDAQ,20260907,6400,6370
049950,미래컴퍼니,KOSDAQ,20260907,10280,10460
049960,쎌바이오텍,KOSDAQ,20260907,15800,15740
050090,비케이홀딩스,KOSDAQ,20260907,794,794
050110,캠시스,KOSDAQ,20260907,1158,1157
050120,ES큐브,KOSDAQ,20260907,3215,3265
050760,에스폴리텍,KOSDAQ,20260907,1252,1295
050860,아세아텍,KOSDAQ,20260907,1705,1713
050890,쏠리드,KOSDAQ,20260907,8670,8400
050960,수산아이앤티,KOSDAQ,20260907,8960,8750
051160,지어소프트,KOSDAQ,20260907,10770,9840
051360,토비스,KOSDAQ,20260907,11910,11730
051370,인터플렉스,KOSDAQ,20260907,6380,6410
051380,피씨디렉트,KOSDAQ,20260907,1603,1596
051390,YW,KOSDAQ,20260907,3945,3870
051490,나라엠앤디,KOSDAQ,20260907,2675,2710
051500,CJ프레시웨이,KOSDAQ,20260907,23750,23550
051780,큐로홀딩스,KOSDAQ,20260907,2555,2500
051980,중앙첨단소재,KOSDAQ,20260907,1000,1006
052020,에스티큐브,KOSDAQ,20260907,8070,8300
052220,iMBC,KOSDAQ,20260907,1815,1782
052260,현대바이오랜드,KOSDAQ,20260907,3985,3965
052300,오션인더블유,KOSDAQ,20260907,1530,1466
052330,코텍,KOSDAQ,20260907,11900,11880
052400,코나아이,KOSDAQ,20260907,37850,37450
052420,오성첨단소재,KOSDAQ,20260907,9710,9810
052460,아이크래프트,KOSDAQ,20260907,4890,4785
052600,한네트,KOSDAQ,20260907,3000,2980
052710,아모텍,KOSDAQ,20260907,11360,11200
052770,아이톡시,KOSDAQ,20260907,0,312
052790,액토즈소프트,KOSDAQ,20260907,4110,4080
052860,아이앤씨,KOSDAQ,20260907,6350,6970
052900,KX하이텍,KOSDAQ,20260907,970,980
053030,바이넥스,KOSDAQ,20260907,6920,6800
053050,지에스이,KOSDAQ,20260907,1900,1966
053060,세동,KOSDAQ,20260907,1259,1248
053080,케이엔솔,KOSDAQ,20260907,8830,8890
053160,프리엠스,KOSDAQ,20260907,10180,10680
053260,금강철강,KOSDAQ,20260907,6120,6410
053270,구영테크,KOSDAQ,20260907,2060,2030
053280,예스24,KOSDAQ,20260907,3165,3110
053290,NE능률,KOSDAQ,20260907,1676,1675
053300,한국정보인증,KOSDAQ,20260907,5050,5060
053350,이니텍,KOSDAQ,20260907,4255,4015
053450,세코닉스,KOSDAQ,20260907,3090,3090
053580,웹케시,KOSDAQ,20260907,7230,7280
053610,프로텍,KOSDAQ,20260907,62800,64800
053620,태양,KOSDAQ,20260907,7000,6950
053700,삼보모터스,KOSDAQ,20260907,4060,4010
053800,안랩,KOSDAQ,20260907,58000,57100
053950,경남제약,KOSDAQ,20260907,1937,2170
053980,오상자이엘,KOSDAQ,20260907,2490,2460
054040,한국컴퓨터,KOSDAQ,20260907,4525,4480
054050,NH농우바이오,KOSDAQ,20260907,7030,7030
054090,삼진엘앤디,KOSDAQ,20260907,1034,1040
054180,메디콕스,KOSDAQ,20260907,0,2295
054210,이랜텍,KOSDAQ,20260907,6970,7000
054220,비츠로시스,KOSDAQ,20260907,1655,1694
054300,팬스타엔터프라이즈,KOSDAQ,20260907,1154,1168
054410,케이피티유,KOSDAQ,20260907,3425,3415
054450,텔레칩스,KOSDAQ,20260907,9450,9450
054540,삼영엠텍,KOSDAQ,20260907,6550,6600
054620,APS,KOSDAQ,20260907,3850,3900
054670,대한뉴팜,KOSDAQ,20260907,5670,5640
054780,키이스트,KOSDAQ,20260907,1427,1425
054800,아이디스홀딩스,KOSDAQ,20260907,15300,15100
054920,한컴위드,KOSDAQ,20260907,3785,3660
054930,유신,KOSDAQ,20260907,18540,18530
054940,엑사이엔씨,KOSDAQ,20260907,3860,3975
054950,제이브이엠,KOSDAQ,20260907,23650,23400
056080,유진로봇,KOSDAQ,20260907,12050,12210
056090,시지메드텍,KOSDAQ,20260907,1165,1183
056190,SFA,KOSDAQ,20260907,24000,24200
056360,코위버,KOSDAQ,20260907,5190,5120
056700,신화인터텍,KOSDAQ,20260907,1422,1425
056730,CNT85,KOSDAQ,20260907,1279,1278
057030,YBM넷,KOSDAQ,20260907,2125,2130
057540,옴니시스템,KOSDAQ,20260907,599,588
057680,티사이언티픽,KOSDAQ,20260907,1958,1841
058110,멕아이씨에스,KOSDAQ,20260907,1640,1568
058400,KNN,KOSDAQ,20260907,6050,6200
058450,한주에이알티,KOSDAQ,20260907,1476,1503
058470,리노공업,KOSDAQ,20260907,68600,68400
058610,에스피지,KOSDAQ,20260907,95500,92700
058630,엠게임,KOSDAQ,20260907,4075,4065
058820,CMG제약,KOSDAQ,20260907,630,624
058970,엠로,KOSDAQ,20260907,16180,16150
059090,미코,KOSDAQ,20260907,18450,18710
059100,아이컴포넌트,KOSDAQ,20260907,6850,6640
059120,아진엑스텍,KOSDAQ,20260907,7220,7120
059210,메타바이오메드,KOSDAQ,20260907,3865,3835
059270,해성에어로보틱스,KOSDAQ,20260907,5390,5260
060150,인선이엔티,KOSDAQ,20260907,3090,3010
060230,제이케이시냅스,KOSDAQ,20260907,1179,1240
060250,NHN KCP,KOSDAQ,20260907,15590,15300
060260,뉴보텍,KOSDAQ,20260907,1047,1007
060280,큐렉소,KOSDAQ,20260907,8260,8130
060310,3S,KOSDAQ,20260907,1128,1130
060370,LS마린솔루션,KOSDAQ,20260907,30950,31250
060380,동양에스텍,KOSDAQ,20260907,1267,1282
060480,국일신동,KOSDAQ,20260907,1500,1487
060540,에스에이티,KOSDAQ,20260907,1374,1356
060560,HC홈센타,KOSDAQ,20260907,1991,1974
060570,드림어스컴퍼니,KOSDAQ,20260907,3965,4025
060590,씨티씨바이오,KOSDAQ,20260907,3110,3130
060720,KH바텍,KOSDAQ,20260907,11090,11060
060850,영림원소프트랩,KOSDAQ,20260907,4675,4650
060900,에이전트AI,KOSDAQ,20260907,3795,3585
061040,알에프텍,KOSDAQ,20260907,7450,7660
061090,세나테크놀로지,KOSDAQ,20260907,40150,39200
061250,화일약품,KOSDAQ,20260907,9530,9020
061970,LB세미콘,KOSDAQ,20260907,3910,3955
062970,한국첨단소재,KOSDAQ,20260907,1960,1914
063080,컴투스홀딩스,KOSDAQ,20260907,13020,12790
063170,서울옥션,KOSDAQ,20260907,6100,6090
063440,SM Life Design,KOSDAQ,20260907,1033,1028
063570,NICE인프라,KOSDAQ,20260907,3450,3435
063760,이엘피,KOSDAQ,20260907,2350,2370
064090,인크레더블버즈,KOSDAQ,20260907,0,798
064240,홈캐스트,KOSDAQ,20260907,1800,1801
064260,다날,KOSDAQ,20260907,5190,5070
064290,인텍플러스,KOSDAQ,20260907,40350,40600
064480,브리지텍,KOSDAQ,20260907,2785,2770
064520,테크엘,KOSDAQ,20260907,1504,1494
064550,바이오니아,KOSDAQ,20260907,10050,10560
064760,티씨케이,KOSDAQ,20260907,264000,268500
064800,포니링크,KOSDAQ,20260907,2575,2605
064820,케이프,KOSDAQ,20260907,7520,7660
064850,에프앤가이드,KOSDAQ,20260907,17260,16750
065060,지엔코,KOSDAQ,20260907,3330,3380
065130,탑엔지니어링,KOSDAQ,20260907,2865,2860
065150,대산F&B,KOSDAQ,20260907,1400,1350
065170,비엘팜텍,KOSDAQ,20260907,2130,2170
065350,신성델타테크,KOSDAQ,20260907,31150,30850
065370,위세아이텍,KOSDAQ,20260907,2965,2955
065420,에스아이리소스,KOSDAQ,20260907,0,940
065440,이루온,KOSDAQ,20260907,1359,1337
065450,빅텍,KOSDAQ,20260907,2730,2770
065500,오리엔트정공,KOSDAQ,20260907,1141,1165
065510,휴비츠,KOSDAQ,20260907,7130,7080
065530,와이어블,KOSDAQ,20260907,1200,1181
065570,삼영이엔씨,KOSDAQ,20260907,0,764
065650,하이퍼코퍼레이션,KOSDAQ,20260907,1601,1566
065660,안트로젠,KOSDAQ,20260907,15120,15340
065680,우주일렉트로,KOSDAQ,20260907,23900,23400
065690,파커스,KOSDAQ,20260907,1867,1843
065710,서호전기,KOSDAQ,20260907,45250,46200
065770,CS,KOSDAQ,20260907,1202,1205
065950,웰크론,KOSDAQ,20260907,1167,1149
066130,하츠,KOSDAQ,20260907,3425,3450
066310,큐에스아이,KOSDAQ,20260907,7070,6990
066360,체리부로,KOSDAQ,20260907,1397,1384
066410,버킷스튜디오,KOSDAQ,20260907,0,1153
066430,아이로보틱스,KOSDAQ,20260907,2125,2085
066590,스모트로닉,KOSDAQ,20260907,2450,2395
066620,국보디자인,KOSDAQ,20260907,26500,25800
066670,디티씨,KOSDAQ,20260907,3165,3155
066700,테라젠이텍스,KOSDAQ,20260907,2135,2140
066790,씨씨에스,KOSDAQ,20260907,0,2205
066900,디에이피,KOSDAQ,20260907,1725,1700
066910,손오공,KOSDAQ,20260907,2010,1962
066980,한성크린텍,KOSDAQ,20260907,1564,1562
067000,조이시티,KOSDAQ,20260907,1179,1145
067010,이씨에스,KOSDAQ,20260907,2535,2545
067080,대화제약,KOSDAQ,20260907,11050,11010
067160,SOOP,KOSDAQ,20260907,37950,38250
067170,오텍,KOSDAQ,20260907,2585,2530
067280,멀티캠퍼스,KOSDAQ,20260907,23950,23750
067290,JW신약,KOSDAQ,20260907,3200,3580
067310,하나마이크론,KOSDAQ,20260907,36200,36350
067370,선바이오,KOSDAQ,20260907,6020,6280
067390,아스트,KOSDAQ,20260907,5100,5280
067570,엔브이에이치코리아,KOSDAQ,20260907,1704,1709
067630,HLB생명과학,KOSDAQ,20260907,2670,2660
067730,로지시스,KOSDAQ,20260907,2220,2250
067770,세진티에스,KOSDAQ,20260907,2735,2600
067900,와이엔텍,KOSDAQ,20260907,6020,6100
067920,이글루,KOSDAQ,20260907,5300,5280
067990,도이치모터스,KOSDAQ,20260907,3770,3760
068050,팬엔터테인먼트,KOSDAQ,20260907,1186,1196
068100,케이웨더,KOSDAQ,20260907,2355,2250
068240,다원시스,KOSDAQ,20260907,0,2530
068330,일신바이오,KOSDAQ,20260907,1100,1121
068760,셀트리온제약,KOSDAQ,20260907,41250,40550
068790,DMS,KOSDAQ,20260907,6610,6700
068930,디지털대성,KOSDAQ,20260907,8570,8620
068940,셀피글로벌,KOSDAQ,20260907,0,778
069080,웹젠,KOSDAQ,20260907,11200,11210
069140,누리플랜,KOSDAQ,20260907,1840,1815
069330,유아이디,KOSDAQ,20260907,1299,1295
069410,엔텔스,KOSDAQ,20260907,2745,2635
069510,에스텍,KOSDAQ,20260907,12950,13100
069540,빛과전자,KOSDAQ,20260907,2775,2800
069920,엑시온그룹,KOSDAQ,20260907,1179,1214
070300,퀀텀레일,KOSDAQ,20260907,1620,1587
070590,인티큐브,KOSDAQ,20260907,2050,2120
071200,인피니트헬스케어,KOSDAQ,20260907,9680,9100
071280,로체시스템즈,KOSDAQ,20260907,7500,7170
071670,에이테크솔루션,KOSDAQ,20260907,5100,5000
071850,캐스텍코리아,KOSDAQ,20260907,1292,1283
072020,중앙백신,KOSDAQ,20260907,9290,9310
072470,우리산업홀딩스,KOSDAQ,20260907,2400,2385
072770,멤레이비티,KOSDAQ,20260907,855,888
072870,메가스터디,KOSDAQ,20260907,13430,13190
072950,빛샘전자,KOSDAQ,20260907,8550,8360
072990,에이치시티,KOSDAQ,20260907,3115,3020
073010,케이에스피,KOSDAQ,20260907,2825,2795
073110,엘엠에스,KOSDAQ,20260907,5070,5110
073190,듀오백,KOSDAQ,20260907,0,1622
073490,LIG아큐버,KOSDAQ,20260907,29850,29250
073540,에프알텍,KOSDAQ,20260907,2230,2260
073560,우리손에프앤지,KOSDAQ,20260907,1523,1535
073570,리튬포어스,KOSDAQ,20260907,1725,1750
073640,테라사이언스,KOSDAQ,20260907,0,654
074430,아미노로직스,KOSDAQ,20260907,1126,1124
074600,원익QnC,KOSDAQ,20260907,26400,27100
075130,플랜티넷,KOSDAQ,20260907,2090,2125
075970,동국알앤에스,KOSDAQ,20260907,1631,1633
076080,웰크론한텍,KOSDAQ,20260907,1180,1125
076610,해성옵틱스,KOSDAQ,20260907,1218,1207
077360,덕산하이메탈,KOSDAQ,20260907,10350,10070
078020,LS증권,KOSDAQ,20260907,6740,6690
078070,유비쿼스홀딩스,KOSDAQ,20260907,8600,8670
078130,국일제지,KOSDAQ,20260907,3530,3480
078140,대봉엘에스,KOSDAQ,20260907,7890,7840
078150,HB테크놀러지,KOSDAQ,20260907,1932,1919
078160,메디포스트,KOSDAQ,20260907,8980,9050
078340,컴투스,KOSDAQ,20260907,32450,31700
078350,한양디지텍,KOSDAQ,20260907,19400,19400
078590,휴림에이텍,KOSDAQ,20260907,3190,3115
078600,대주전자재료,KOSDAQ,20260907,85700,85800
078860,아이오케이이엔엠,KOSDAQ,20260907,2640,2685
078890,가온그룹,KOSDAQ,20260907,4185,4235
079000,와토스코리아,KOSDAQ,20260907,4065,4070
079170,한창산업,KOSDAQ,20260907,5840,5930
079190,케스피온,KOSDAQ,20260907,1103,1279
079370,제우스,KOSDAQ,20260907,10230,10780
079650,서산,KOSDAQ,20260907,6660,6710
079810,APS이노베이션,KOSDAQ,20260907,4015,4045
079940,가비아,KOSDAQ,20260907,41600,42200
079950,인베니아,KOSDAQ,20260907,1419,1490
079960,동양이엔피,KOSDAQ,20260907,18330,18120
079970,투비소프트,KOSDAQ,20260907,0,596
080010,이상네트웍스,KOSDAQ,20260907,7310,7300
080160,모두투어,KOSDAQ,20260907,9010,9130
080220,제주반도체,KOSDAQ,20260907,74300,73800
080420,모다이노칩,KOSDAQ,20260907,1679,1687
080470,성창오토텍,KOSDAQ,20260907,2835,2870
080520,오디텍,KOSDAQ,20260907,2755,2760
080530,코디,KOSDAQ,20260907,2505,2505
080580,오킨스전자,KOSDAQ,20260907,19480,20150
080720,한국유니온제약,KOSDAQ,20260907,0,2410
081150,티플랙스,KOSDAQ,20260907,2690,2715
081180,쎄크,KOSDAQ,20260907,5060,5200
081580,성우전자,KOSDAQ,20260907,2350,2285
082210,옵트론텍,KOSDAQ,20260907,1682,1672
082270,젬백스,KOSDAQ,20260907,10660,10380
082660,코스나인,KOSDAQ,20260907,0,480
082800,비보존 제약,KOSDAQ,20260907,3100,3175
082850,우리바이오,KOSDAQ,20260907,4570,5830
082920,비츠로셀,KOSDAQ,20260907,29450,29000
083310,엘오티베큠,KOSDAQ,20260907,9630,9800
083450,GST,KOSDAQ,20260907,44500,43750
083470,이엠앤아이,KOSDAQ,20260907,885,907
083500,에프엔에스테크,KOSDAQ,20260907,11210,11320
083550,케이엠,KOSDAQ,20260907,3305,3195
083640,인콘,KOSDAQ,20260907,0,1087
083650,비에이치아이,KOSDAQ,20260907,61100,67700
083660,CSA 코스믹,KOSDAQ,20260907,1623,1549
083790,CG인바이츠,KOSDAQ,20260907,910,925
083930,아바코,KOSDAQ,20260907,11340,11540
084110,휴온스글로벌,KOSDAQ,20260907,23700,23600
084180,수성웹툰,KOSDAQ,20260907,411,513
084370,유진테크,KOSDAQ,20260907,141700,143200
084440,유비온,KOSDAQ,20260907,0,1196
084650,랩지노믹스,KOSDAQ,20260907,0,500
084730,팅크웨어,KOSDAQ,20260907,6340,6410
084850,아이티엠반도체,KOSDAQ,20260907,8700,8360
084990,헬릭스미스,KOSDAQ,20260907,3015,2980
085660,차바이오텍,KOSDAQ,20260907,8150,8090
085670,뉴프렉스,KOSDAQ,20260907,2985,3030
085810,알티캐스트,KOSDAQ,20260907,1628,1490
085910,네오티스,KOSDAQ,20260907,14600,14130
086040,바이오톡스텍,KOSDAQ,20260907,2400,2385
086060,진바이오텍,KOSDAQ,20260907,4865,4890
086390,유니테스트,KOSDAQ,20260907,11700,11560
086450,동국제약,KOSDAQ,20260907,21550,20800
086520,에코프로,KOSDAQ,20260907,83300,82500
086670,비엠티,KOSDAQ,20260907,16780,16620
086710,선진뷰티사이언스,KOSDAQ,20260907,7170,7020
086820,바이오솔루션,KOSDAQ,20260907,6270,6400
086890,이수앱지스,KOSDAQ,20260907,3370,3410
086900,메디톡스,KOSDAQ,20260907,69500,69400
086960,MDS테크,KOSDAQ,20260907,1990,1967
086980,쇼박스,KOSDAQ,20260907,1981,1942
087010,펩트론,KOSDAQ,20260907,161300,160200
087260,모바일어플라이언스,KOSDAQ,20260907,0,247
087600,픽셀플러스,KOSDAQ,20260907,3970,3990
088130,동아엘텍,KOSDAQ,20260907,5470,5450
088280,쏘닉스,KOSDAQ,20260907,2375,2405
088290,이원컴포텍,KOSDAQ,20260907,2445,2425
088340,유라클,KOSDAQ,20260907,6910,6850
088390,이녹스,KOSDAQ,20260907,7950,8000
088800,에이스테크,KOSDAQ,20260907,1810,1771
088910,동우팜투테이블,KOSDAQ,20260907,2100,2100
089010,켐트로닉스,KOSDAQ,20260907,22050,23150
089030,테크윙,KOSDAQ,20260907,48600,48100
089140,넥스턴앤롤코리아,KOSDAQ,20260907,2175,2120
089150,케이씨티,KOSDAQ,20260907,1881,1877
089230,THE E&M,KOSDAQ,20260907,2010,2000
089600,KT나스미디어,KOSDAQ,20260907,13250,12860
089790,제이티,KOSDAQ,20260907,4925,4965
089850,유비벨록스,KOSDAQ,20260907,4200,4125
089890,코세스,KOSDAQ,20260907,22950,23750
089970,브이엠,KOSDAQ,20260907,57000,53400
089980,상아프론테크,KOSDAQ,20260907,15200,15050
090150,아이윈,KOSDAQ,20260907,6070,6190
090360,로보스타,KOSDAQ,20260907,82700,77400
090410,덕신이피씨,KOSDAQ,20260907,3950,3870
090470,제이스로보틱스,KOSDAQ,20260907,4630,4580
090710,휴림로봇,KOSDAQ,20260907,6440,6300
090850,현대이지웰,KOSDAQ,20260907,5030,4960
091120,이엠텍,KOSDAQ,20260907,4805,4835
091340,S&K폴리텍,KOSDAQ,20260907,2425,2525
091440,한울소재과학,KOSDAQ,20260907,2770,2690
091580,상신이디피,KOSDAQ,20260907,20750,20750
091590,남화토건,KOSDAQ,20260907,7630,7380
091700,파트론,KOSDAQ,20260907,5400,5420
091970,LSK아이로봇,KOSDAQ,20260907,3985,3900
092040,아미코젠,KOSDAQ,20260907,1013,1019
092070,디엔에프,KOSDAQ,20260907,12280,12100
092130,이크레더블,KOSDAQ,20260907,14490,14460
092190,서울바이오시스,KOSDAQ,20260907,7780,7970
092300,현우산업,KOSDAQ,20260907,2530,2535
092460,한라IMS,KOSDAQ,20260907,17080,16860
092600,앤씨앤,KOSDAQ,20260907,1905,1901
092730,네오팜,KOSDAQ,20260907,23300,22350
092870,엑시콘,KOSDAQ,20260907,32650,30500
093190,빅솔론,KOSDAQ,20260907,8760,8560
093320,케이아이엔엑스,KOSDAQ,20260907,138000,144600
093380,풍강,KOSDAQ,20260907,3100,3055
093520,매커스,KOSDAQ,20260907,26700,27150
093640,케이알엠,KOSDAQ,20260907,4400,4550
093920,서원인텍,KOSDAQ,20260907,4895,4870
094170,동운아나텍,KOSDAQ,20260907,30150,27350
094360,칩스앤미디어,KOSDAQ,20260907,10910,10790
094480,갤럭시아머니트리,KOSDAQ,20260907,6050,5950
094820,일진파워,KOSDAQ,20260907,11380,11880
094840,슈프리마에이치큐,KOSDAQ,20260907,12040,11960
094850,참좋은여행,KOSDAQ,20260907,4285,4290
094860,네오리진,KOSDAQ,20260907,1470,1469
094940,푸른로보틱스,KOSDAQ,20260907,6870,6610
094970,제이엠티,KOSDAQ,20260907,2725,2725
095190,신화프리텍,KOSDAQ,20260907,1863,1844
095270,웨이브일렉트로,KOSDAQ,20260907,4390,4135
095340,ISC,KOSDAQ,20260907,188000,186000
095500,미래나노텍,KOSDAQ,20260907,6900,6800
095610,테스,KOSDAQ,20260907,154200,152700
095660,네오위즈,KOSDAQ,20260907,17950,17690
095700,제넥신,KOSDAQ,20260907,3020,3055
095910,에스에너지,KOSDAQ,20260907,625,621
096240,크레버스,KOSDAQ,20260907,8560,8610
096250,와이즈넛,KOSDAQ,20260907,5640,5590
096350,대창솔루션,KOSDAQ,20260907,1875,1937
096530,씨젠,KOSDAQ,20260907,31950,31400
096630,에스코넥,KOSDAQ,20260907,1825,1825
096690,에이루트,KOSDAQ,20260907,7250,7020
096870,엘디티,KOSDAQ,20260907,2275,2365
097780,에코볼트,KOSDAQ,20260907,1860,1807
097800,윈팩,KOSDAQ,20260907,1935,1938
097870,효성오앤비,KOSDAQ,20260907,4610,4585
098070,한텍,KOSDAQ,20260907,24350,25450
098120,마이크로컨텍솔,KOSDAQ,20260907,43700,46550
098460,고영,KOSDAQ,20260907,28500,28100
098660,에스티오,KOSDAQ,20260907,1584,1581
099190,아이센스,KOSDAQ,20260907,16580,16480
099220,SDN,KOSDAQ,20260907,0,511
099320,쎄트렉아이,KOSDAQ,20260907,71300,69800
099390,브레인즈컴퍼니,KOSDAQ,20260907,3860,3925
099410,동방선기,KOSDAQ,20260907,3375,3340
099430,바이오플러스,KOSDAQ,20260907,3350,3390
099440,스맥,KOSDAQ,20260907,3820,3860
099520,DGI,KOSDAQ,20260907,0,1284
099750,이지케어텍,KOSDAQ,20260907,6660,6840
100030,인지소프트,KOSDAQ,20260907,20300,20050
100120,뷰웍스,KOSDAQ,20260907,26700,27000
100130,동국S&C,KOSDAQ,20260907,1382,1357
100590,머큐리,KOSDAQ,20260907,3405,3365
100660,서암기계공업,KOSDAQ,20260907,3195,3140
100700,세운메디칼,KOSDAQ,20260907,2495,2445
100790,미래에셋벤처투자,KOSDAQ,20260907,15100,15200
101000,KS인더스트리,KOSDAQ,20260907,1265,1283
101160,월덱스,KOSDAQ,20260907,30300,30200
101170,우림피티에스,KOSDAQ,20260907,8030,8120
101240,씨큐브,KOSDAQ,20260907,3510,3550
101330,모베이스,KOSDAQ,20260907,3545,3540
101360,에코앤드림,KOSDAQ,20260907,8200,8180
101400,엔시트론,KOSDAQ,20260907,1780,1685
101490,에스앤에스텍,KOSDAQ,20260907,41300,41650
101670,하이드로리튬,KOSDAQ,20260907,490,504
101680,한국정밀기계,KOSDAQ,20260907,2775,2750
101730,위메이드맥스,KOSDAQ,20260907,4100,4055
101930,인화정공,KOSDAQ,20260907,6410,6410
101970,우양에이치씨,KOSDAQ,20260907,10170,10560
102120,어보브반도체,KOSDAQ,20260907,7030,6890
102370,케이옥션,KOSDAQ,20260907,3300,3225
102710,이엔에프테크놀로지,KOSDAQ,20260907,43100,42200
102940,코오롱생명과학,KOSDAQ,20260907,14990,14820
103230,에스앤더블류,KOSDAQ,20260907,2300,2250
103840,우양,KOSDAQ,20260907,1735,1682
104040,디에스엠,KOSDAQ,20260907,2455,2395
104200,NHN벅스,KOSDAQ,20260907,2685,2690
104460,디와이피엔에프,KOSDAQ,20260907,7580,7480
104480,티케이케미칼,KOSDAQ,20260907,1779,1751
104540,코렌텍,KOSDAQ,20260907,3980,3965
104620,노랑풍선,KOSDAQ,20260907,3100,3150
104830,원익머트리얼즈,KOSDAQ,20260907,32450,32100
105330,케이엔더블유,KOSDAQ,20260907,6700,6710
105550,엣지파운드리,KOSDAQ,20260907,1883,1883
105740,디케이락,KOSDAQ,20260907,7860,7700
105760,포스뱅크,KOSDAQ,20260907,5150,5100
106080,케이이엠텍,KOSDAQ,20260907,0,1650
106190,하이텍팜,KOSDAQ,20260907,10460,10440
106240,파인테크닉스,KOSDAQ,20260907,1103,1130
107600,새빗켐,KOSDAQ,20260907,15400,15150
107640,한중엔시에스,KOSDAQ,20260907,40200,40500
108230,톱텍,KOSDAQ,20260907,3350,3380
108380,대양전기공업,KOSDAQ,20260907,18370,18640
108490,로보티즈,KOSDAQ,20260907,314500,301500
108860,셀바스AI,KOSDAQ,20260907,9230,9170
109080,옵티시스,KOSDAQ,20260907,8290,8170
109610,에스와이,KOSDAQ,20260907,1938,1940
109670,씨싸이트,KOSDAQ,20260907,4065,5130
109740,디에스케이,KOSDAQ,20260907,4175,4455
109820,진매트릭스,KOSDAQ,20260907,1648,1630
109860,동일금속,KOSDAQ,20260907,7710,7590
109960,앱토크롬,KOSDAQ,20260907,1843,1867
110020,전진바이오팜,KOSDAQ,20260907,1972,1988
110790,크리스에프앤씨,KOSDAQ,20260907,2945,2940
110990,디아이티,KOSDAQ,20260907,16240,16050
111710,남화산업,KOSDAQ,20260907,3355,3290
112040,위메이드,KOSDAQ,20260907,15120,15200
112290,와이씨켐,KOSDAQ,20260907,9500,9660
113810,디젠스,KOSDAQ,20260907,2920,3130
114190,강원에너지,KOSDAQ,20260907,8800,9030
114450,그린생명과학,KOSDAQ,20260907,2390,2330
114630,폴라리스우노,KOSDAQ,20260907,1509,1482
114810,한솔아이원스,KOSDAQ,20260907,13610,13880
114840,아이패밀리에스씨,KOSDAQ,20260907,9300,9150
115160,휴맥스,KOSDAQ,20260907,5320,5260
115180,큐리언트,KOSDAQ,20260907,22700,25750
115310,인포바인,KOSDAQ,20260907,9290,9300
115440,우리넷,KOSDAQ,20260907,7240,7170
115450,HLB테라퓨틱스,KOSDAQ,20260907,2140,2080
115480,씨유메디칼,KOSDAQ,20260907,2375,2450
115500,케이씨에스,KOSDAQ,20260907,8850,8810
115530,씨엔플러스,KOSDAQ,20260907,3230,2920
115570,스타플렉스,KOSDAQ,20260907,2635,2620
115610,이미지스,KOSDAQ,20260907,1601,1602
117670,알파칩스,KOSDAQ,20260907,8360,8060
117730,티로보틱스,KOSDAQ,20260907,13180,13010
118990,모트렉스,KOSDAQ,20260907,6480,6200
119500,포메탈,KOSDAQ,20260907,2465,2485
119610,인터로조,KOSDAQ,20260907,13990,14150
119830,아이텍,KOSDAQ,20260907,6180,6080
119850,지엔씨에너지,KOSDAQ,20260907,47000,44500
120240,대정화금,KOSDAQ,20260907,14700,14780
121440,골프존홀딩스,KOSDAQ,20260907,7270,8050
121600,나노신소재,KOSDAQ,20260907,47450,47300
121800,비덴트,KOSDAQ,20260907,0,3320
121850,코이즈,KOSDAQ,20260907,290,265
121890,에스디시스템,KOSDAQ,20260907,2685,2850
122310,제노레이,KOSDAQ,20260907,3355,3300
122350,삼기,KOSDAQ,20260907,1740,1742
122450,KX,KOSDAQ,20260907,2775,2665
122640,예스티,KOSDAQ,20260907,28100,27450
122690,서진오토모티브,KOSDAQ,20260907,1674,1670
122870,와이지엔터테인먼트,KOSDAQ,20260907,42300,43600
122990,와이솔,KOSDAQ,20260907,6250,6230
123010,MSDI,KOSDAQ,20260907,2360,2530
123040,엠에스오토텍,KOSDAQ,20260907,1714,1706
123330,제닉,KOSDAQ,20260907,31650,28350
123410,코리아에프티,KOSDAQ,20260907,5850,5920
123420,위메이드플레이,KOSDAQ,20260907,6270,6270
123570,이엠넷,KOSDAQ,20260907,1661,1660
123750,알톤,KOSDAQ,20260907,1750,1729
123840,뉴온,KOSDAQ,20260907,1655,1683
123860,아나패스,KOSDAQ,20260907,13650,13520
124500,아이티센글로벌,KOSDAQ,20260907,34800,34100
124560,태웅로직스,KOSDAQ,20260907,2000,1987
125020,티씨머티리얼즈,KOSDAQ,20260907,6140,6270
125210,아모그린텍,KOSDAQ,20260907,5470,5560
125490,한라캐스트,KOSDAQ,20260907,11270,10930
126340,비나텍,KOSDAQ,20260907,62000,64200
126600,BGF에코머티리얼즈,KOSDAQ,20260907,2980,2925
126640,화신정공,KOSDAQ,20260907,4870,4525
126700,하이비젼시스템,KOSDAQ,20260907,11500,11340
126730,코칩,KOSDAQ,20260907,20650,20500
126880,제이엔케이글로벌,KOSDAQ,20260907,2500,2515
127120,제이에스링크,KOSDAQ,20260907,33000,32400
127710,아시아경제,KOSDAQ,20260907,1035,1003
127980,화인써키트,KOSDAQ,20260907,2800,2685
128540,에코캡,KOSDAQ,20260907,1164,1168
128660,피제이메탈,KOSDAQ,20260907,3000,2970
129890,앱코,KOSDAQ,20260907,1014,1007
129920,대성하이텍,KOSDAQ,20260907,5460,5240
130500,GH신소재,KOSDAQ,20260907,1880,1865
130580,나이스디앤비,KOSDAQ,20260907,5640,6020
130740,티피씨글로벌,KOSDAQ,20260907,2125,2000
131030,옵투스제약,KOSDAQ,20260907,5690,5730
131090,시큐브,KOSDAQ,20260907,4215,4225
131100,티엔엔터테인먼트,KOSDAQ,20260907,2245,2270
131180,딜리,KOSDAQ,20260907,4160,4215
131220,대한과학,KOSDAQ,20260907,3750,3745
131290,티에스이,KOSDAQ,20260907,252500,261500
131370,알서포트,KOSDAQ,20260907,1510,1521
131400,이브이첨단소재,KOSDAQ,20260907,826,824
131760,파인텍,KOSDAQ,20260907,1448,1333
131970,두산테스나,KOSDAQ,20260907,78400,82700
133750,메가엠디,KOSDAQ,20260907,1496,1509
134060,이퓨쳐,KOSDAQ,20260907,5770,5570
134580,탑코미디어,KOSDAQ,20260907,3545,3350
136150,원일티엔아이,KOSDAQ,20260907,7530,7520
136410,아셈스,KOSDAQ,20260907,4070,3985
136480,하림,KOSDAQ,20260907,2670,2655
136540,윈스테크넷,KOSDAQ,20260907,10850,10840
137080,나래나노텍,KOSDAQ,20260907,6600,6400
137400,피엔티,KOSDAQ,20260907,29750,29800
137940,넥스트아이,KOSDAQ,20260907,2140,1999
137950,제이씨케미칼,KOSDAQ,20260907,4015,3900
138070,신진에스엠,KOSDAQ,20260907,1557,1510
138080,오이솔루션,KOSDAQ,20260907,21800,21400
138360,앤로보틱스,KOSDAQ,20260907,1750,1717
138610,나이벡,KOSDAQ,20260907,14950,15150
139670,키네마스터,KOSDAQ,20260907,2100,1937
140070,서플러스글로벌,KOSDAQ,20260907,2005,2050
140410,메지온,KOSDAQ,20260907,65000,66200
140430,카티스,KOSDAQ,20260907,1695,1735
140520,대창스틸,KOSDAQ,20260907,2010,2010
140670,알에스오토메이션,KOSDAQ,20260907,10310,10410
140860,파크시스템스,KOSDAQ,20260907,265500,266500
141000,비아트론,KOSDAQ,20260907,8860,8720
141080,리가켐바이오,KOSDAQ,20260907,92900,92300
142210,유니트론텍,KOSDAQ,20260907,6050,6030
142280,녹십자엠에스,KOSDAQ,20260907,3210,3080
142760,모아라이프플러스,KOSDAQ,20260907,544,590
143160,아이디스,KOSDAQ,20260907,15950,16120
143240,사람인,KOSDAQ,20260907,17000,16820
143540,영우디에스피,KOSDAQ,20260907,1050,1038
144510,지씨셀,KOSDAQ,20260907,14740,15100
144960,뉴파워프라즈마,KOSDAQ,20260907,9000,8910
145020,휴젤,KOSDAQ,20260907,245000,243000
145170,노브랜드,KOSDAQ,20260907,2800,2755
146060,율촌,KOSDAQ,20260907,1080,1077
146320,비씨엔씨,KOSDAQ,20260907,9450,9360
147760,피엠티,KOSDAQ,20260907,3170,3180
147830,제룡산업,KOSDAQ,20260907,6880,6900
148150,세경하이테크,KOSDAQ,20260907,4175,4070
148250,알엔투테크놀로지,KOSDAQ,20260907,1839,1798
148780,비큐AI,KOSDAQ,20260907,3800,3765
148930,에이치와이티씨,KOSDAQ,20260907,3285,3270
149950,아바텍,KOSDAQ,20260907,9090,8980
149980,하이로닉,KOSDAQ,20260907,4930,4830
150900,파수AI,KOSDAQ,20260907,3545,3535
151860,KG에코솔루션,KOSDAQ,20260907,5690,5580
153460,네이블,KOSDAQ,20260907,5910,5890
153490,우리이앤엘하루틴,KOSDAQ,20260907,2930,3005
153710,옵티팜,KOSDAQ,20260907,4800,4810
153890,져스텍,KOSDAQ,20260907,10930,11620
154030,아시아종묘,KOSDAQ,20260907,1689,1690
154040,다산솔루에타,KOSDAQ,20260907,0,1055
155650,와이엠씨,KOSDAQ,20260907,3170,3130
156100,엘앤케이바이오,KOSDAQ,20260907,4305,5090
158430,아톤,KOSDAQ,20260907,4820,4640
159010,아스플로,KOSDAQ,20260907,25650,24100
159580,제로투세븐,KOSDAQ,20260907,2195,2240
159910,에코글로우,KOSDAQ,20260907,3160,3200
160190,하이젠알앤엠,KOSDAQ,20260907,19250,21800
160550,NEW,KOSDAQ,20260907,998,1002
160980,싸이맥스,KOSDAQ,20260907,23600,23050
161580,필옵틱스,KOSDAQ,20260907,26850,33500
162300,신스틸,KOSDAQ,20260907,2210,2125
163280,에어레인,KOSDAQ,20260907,3520,3545
163730,핑거,KOSDAQ,20260907,9740,9390
166090,하나머티리얼즈,KOSDAQ,20260907,51800,52400
166480,코아스템켐온,KOSDAQ,20260907,2285,2185
168330,내츄럴엔도텍,KOSDAQ,20260907,2200,2180
168360,펨트론,KOSDAQ,20260907,13000,13060
169330,엠브레인,KOSDAQ,20260907,1305,1386
170030,현대공업,KOSDAQ,20260907,4820,4800
170790,파이오링크,KOSDAQ,20260907,8330,8250
170920,엘티씨,KOSDAQ,20260907,37150,37400
171010,램테크놀러지,KOSDAQ,20260907,2660,2640
171090,선익시스템,KOSDAQ,20260907,67700,68600
171120,라이온켐텍,KOSDAQ,20260907,2020,2005
172670,에이엘티,KOSDAQ,20260907,9820,10130
173130,오파스넷,KOSDAQ,20260907,5790,6040
173940,에프엔씨엔터,KOSDAQ,20260907,2125,2105
174900,앱클론,KOSDAQ,20260907,21750,21850
175140,아고스,KOSDAQ,20260907,2630,2460
175250,아이큐어,KOSDAQ,20260907,2095,1920
176750,듀켐바이오,KOSDAQ,20260907,6470,6240
177350,베셀,KOSDAQ,20260907,1632,1607
177830,파버나인,KOSDAQ,20260907,2280,2230
177900,쓰리에이로직스,KOSDAQ,20260907,3845,3815
178320,서진시스템,KOSDAQ,20260907,34450,36600
178780,일월지엠엘,KOSDAQ,20260907,2385,2445
179290,엠아이텍,KOSDAQ,20260907,5100,5110
179530,애드바이오텍,KOSDAQ,20260907,2500,2515
179900,유티아이,KOSDAQ,20260907,2370,2435
180400,DXVX,KOSDAQ,20260907,2340,2265
182360,큐브엔터,KOSDAQ,20260907,5760,5990
182400,엔케이젠바이오텍코리아,KOSDAQ,20260907,0,3670
183300,코미코,KOSDAQ,20260907,25850,26350
183490,엔지켐생명과학,KOSDAQ,20260907,0,990
184230,SGA솔루션즈,KOSDAQ,20260907,1857,1831
185490,아이진,KOSDAQ,20260907,1990,2020
186230,그린플러스,KOSDAQ,20260907,3490,3520
187220,디티앤씨,KOSDAQ,20260907,1977,1962
187270,신화콘텍,KOSDAQ,20260907,3155,3155
187420,HLB제넥스,KOSDAQ,20260907,1969,1959
187660,페니트리움바이오,KOSDAQ,20260907,6000,6470
187790,나노,KOSDAQ,20260907,3060,3060
187870,디바이스,KOSDAQ,20260907,10400,10560
188040,바이오포트,KOSDAQ,20260907,5180,4900
188260,세니젠,KOSDAQ,20260907,1999,2035
189300,인텔리안테크,KOSDAQ,20260907,63500,63500
189330,씨이랩,KOSDAQ,20260907,11540,11560
189690,포시에스,KOSDAQ,20260907,1539,1538
189860,서전기전,KOSDAQ,20260907,4200,4430
189980,흥국에프엔비,KOSDAQ,20260907,1175,1195
190510,나무가,KOSDAQ,20260907,13890,16480
190650,코리아에셋투자증권,KOSDAQ,20260907,6810,6800
191410,육일씨엔에쓰,KOSDAQ,20260907,1799,1797
191420,테고사이언스,KOSDAQ,20260907,7770,7540
192250,케이사인,KOSDAQ,20260907,7370,7170
192390,윈하이텍,KOSDAQ,20260907,1800,1778
192410,오늘이엔엠,KOSDAQ,20260907,5110,4900
192440,슈피겐코리아,KOSDAQ,20260907,30200,30350
193250,링크드,KOSDAQ,20260907,2250,2285
194480,데브시스터즈,KOSDAQ,20260907,15990,16230
194700,노바렉스,KOSDAQ,20260907,10540,10500
195500,마니커에프앤지,KOSDAQ,20260907,1783,1786
195940,HK이노엔,KOSDAQ,20260907,42250,40900
195990,루트K,KOSDAQ,20260907,1297,1299
196170,알테오젠,KOSDAQ,20260907,288500,286000
196300,HLB펩,KOSDAQ,20260907,4500,4305
196450,코아시아씨엠,KOSDAQ,20260907,0,790
196490,디에이테크놀로지,KOSDAQ,20260907,0,6090
196700,웹스,KOSDAQ,20260907,1364,1380
197140,디지캡,KOSDAQ,20260907,2455,2420
198080,캐프,KOSDAQ,20260907,2160,2170
198440,강동씨앤엘,KOSDAQ,20260907,1969,1970
198940,한주라이트메탈,KOSDAQ,20260907,1320,1310
199430,케이엔알시스템,KOSDAQ,20260907,19450,19190
199480,뱅크웨어글로벌,KOSDAQ,20260907,3940,3930
199550,레이저옵텍,KOSDAQ,20260907,3690,3485
199730,바이오인프라,KOSDAQ,20260907,1451,1342
199800,툴젠,KOSDAQ,20260907,35750,34800
199820,제일일렉트릭,KOSDAQ,20260907,7290,7370
200130,콜마비앤에이치,KOSDAQ,20260907,8810,8360
200230,텔콘RF제약,KOSDAQ,20260907,2230,2230
200350,아티스트스튜디오,KOSDAQ,20260907,2460,2465
200470,에이팩트,KOSDAQ,20260907,6350,6250
200670,휴메딕스,KOSDAQ,20260907,25800,25800
200710,에이디테크놀로지,KOSDAQ,20260907,24050,24500
200780,비씨월드제약,KOSDAQ,20260907,3020,3030
201490,미투온,KOSDAQ,20260907,2575,2645
203400,에이비온,KOSDAQ,20260907,0,676
203450,유니온바이오메트릭스,KOSDAQ,20260907,2530,2520
203650,드림시큐리티,KOSDAQ,20260907,2040,2015
204020,그리티,KOSDAQ,20260907,1876,1877
204270,제이앤티씨,KOSDAQ,20260907,19510,20650
204610,티쓰리,KOSDAQ,20260907,3300,3285
204620,글로벌텍스프리,KOSDAQ,20260907,5430,5300
204840,지엘팜텍,KOSDAQ,20260907,5320,5730
205100,엑셈,KOSDAQ,20260907,1363,1329
205470,휴마시스,KOSDAQ,20260907,3330,3235
205500,넥써쓰,KOSDAQ,20260907,1838,1786
206400,베노티앤알,KOSDAQ,20260907,769,727
206560,덱스터,KOSDAQ,20260907,930,943
206640,바디텍메드,KOSDAQ,20260907,9870,9750
206650,유바이오로직스,KOSDAQ,20260907,8790,8620
207760,미스터블루,KOSDAQ,20260907,2490,2480
208140,정다운,KOSDAQ,20260907,2295,2280
208350,지란지교시큐리티,KOSDAQ,20260907,3225,3030
208370,셀바스헬스케어,KOSDAQ,20260907,2455,2440
208640,썸에이지,KOSDAQ,20260907,653,703
208710,포톤,KOSDAQ,20260907,2585,2580
208860,다산디엠씨,KOSDAQ,20260907,0,1303
209640,와이제이링크,KOSDAQ,20260907,3140,3015
210120,캔버스엔,KOSDAQ,20260907,1646,1715
211050,인카금융서비스,KOSDAQ,20260907,10770,11050
211270,AP위성,KOSDAQ,20260907,8190,8280
212560,네오오토,KOSDAQ,20260907,9870,11880
212710,아이에스티이,KOSDAQ,20260907,7250,7200
213420,덕산네오룩스,KOSDAQ,20260907,32550,33350
214150,클래시스,KOSDAQ,20260907,31800,32000
214180,헥토이노베이션,KOSDAQ,20260907,14910,14540
214260,라파스,KOSDAQ,20260907,7890,7950
214270,FSN,KOSDAQ,20260907,1320,1340
214370,케어젠,KOSDAQ,20260907,43850,45200
214430,아이쓰리시스템,KOSDAQ,20260907,59000,59700
214450,파마리서치,KOSDAQ,20260907,385000,376500
214610,롤링스톤,KOSDAQ,20260907,0,2290
214680,디알텍,KOSDAQ,20260907,0,960
215000,골프존,KOSDAQ,20260907,36900,36350
215090,솔디펜스,KOSDAQ,20260907,1302,1310
215100,로보로보,KOSDAQ,20260907,4345,4150
215200,메가스터디교육,KOSDAQ,20260907,35400,34900
215360,우리산업,KOSDAQ,20260907,6550,6450
215380,콜마바이오텍,KOSDAQ,20260907,2160,2145
215480,토박스코리아,KOSDAQ,20260907,2095,2090
215600,신라젠,KOSDAQ,20260907,2375,2390
215790,이노인스트루먼트,KOSDAQ,20260907,654,650
216050,인크로스,KOSDAQ,20260907,5230,5160
216080,제테마,KOSDAQ,20260907,6200,6580
217190,제너셈,KOSDAQ,20260907,6150,6450
217270,넵튠,KOSDAQ,20260907,2400,2385
217330,싸이토젠,KOSDAQ,20260907,3100,3055
217480,에스디생명공학,KOSDAQ,20260907,0,499
217500,러셀,KOSDAQ,20260907,1584,1563
217730,강스템바이오텍,KOSDAQ,20260907,2265,2225
217820,원익피앤이,KOSDAQ,20260907,2000,1991
218150,미래생명자원,KOSDAQ,20260907,2080,2075
218410,RFHIC,KOSDAQ,20260907,48900,48450
219130,타이거일렉,KOSDAQ,20260907,61300,60200
219420,링크제니시스,KOSDAQ,20260907,3230,3195
219550,디와이디,KOSDAQ,20260907,1245,1286
219750,한국비티비,KOSDAQ,20260907,1614,1615
220100,퓨쳐켐,KOSDAQ,20260907,8190,8100
220180,폴라리스AI핸디,KOSDAQ,20260907,1385,1372
220260,켐트로스,KOSDAQ,20260907,3885,3790
221800,지구홀딩스,KOSDAQ,20260907,4000,4090
221840,하이즈항공,KOSDAQ,20260907,2050,2050
221980,케이디켐,KOSDAQ,20260907,9410,9390
222040,코스맥스엔비티,KOSDAQ,20260907,8800,8610
222080,SFA넥셀,KOSDAQ,20260907,7650,7600
222110,팬젠,KOSDAQ,20260907,4995,4995
222420,쎄노텍,KOSDAQ,20260907,852,834
222800,심텍,KOSDAQ,20260907,122800,119800
222980,한국맥널티,KOSDAQ,20260907,2180,2250
223250,드림씨아이에스,KOSDAQ,20260907,3395,3380
223310,사토시홀딩스,KOSDAQ,20260907,4195,3480
224060,더코디,KOSDAQ,20260907,3515,4510
224110,에이텍모빌리티,KOSDAQ,20260907,8630,8910
225190,LK삼양,KOSDAQ,20260907,0,821
225220,제놀루션,KOSDAQ,20260907,1368,1378
225430,케이엠제약,KOSDAQ,20260907,824,923
225530,HC보광산업,KOSDAQ,20260907,2100,2070
225570,넥슨게임즈,KOSDAQ,20260907,11580,11550
225590,패션플랫폼,KOSDAQ,20260907,3200,3190
226330,신테카바이오,KOSDAQ,20260907,1274,1299
226340,본느,KOSDAQ,20260907,5250,5690
226400,오스테오닉,KOSDAQ,20260907,4185,4235
226590,엠디바이스,KOSDAQ,20260907,11990,12110
226950,올릭스,KOSDAQ,20260907,96000,97500
227610,아우딘퓨쳐스,KOSDAQ,20260907,1193,1070
227950,엔투텍,KOSDAQ,20260907,1328,1325
228340,동양파일,KOSDAQ,20260907,4010,4310
228670,레이,KOSDAQ,20260907,4640,4655
228760,지노믹트리,KOSDAQ,20260907,10680,10550
228850,레이언스,KOSDAQ,20260907,7080,7070
229000,젠큐릭스,KOSDAQ,20260907,1851,1911
230240,에치에프알,KOSDAQ,20260907,12040,11980
232140,와이씨,KOSDAQ,20260907,12100,11930
232680,라온로보틱스,KOSDAQ,20260907,9750,9470
232830,아이티센피엔에스,KOSDAQ,20260907,1916,1882
234030,싸이닉솔루션,KOSDAQ,20260907,2950,2960
234100,폴라리스세원,KOSDAQ,20260907,2850,2810
234300,에스트래픽,KOSDAQ,20260907,3250,3300
234340,헥토파이낸셜,KOSDAQ,20260907,24850,25200
234690,녹십자웰빙,KOSDAQ,20260907,10240,10150
234920,자이글,KOSDAQ,20260907,0,5310
235980,메드팩토,KOSDAQ,20260907,2990,2855
236200,슈프리마,KOSDAQ,20260907,52200,50900
236810,엔비티,KOSDAQ,20260907,1724,1805
237690,에스티팜,KOSDAQ,20260907,96200,91700
237750,피앤씨테크,KOSDAQ,20260907,3430,3430
237820,플레이디,KOSDAQ,20260907,2325,2315
237880,클리오,KOSDAQ,20260907,12470,12160
238090,앤디포스,KOSDAQ,20260907,1749,1736
238120,얼라인드,KOSDAQ,20260907,2875,2845
238200,비피도,KOSDAQ,20260907,2745,2675
238490,힘스,KOSDAQ,20260907,2480,2390
239340,이스트에이드,KOSDAQ,20260907,0,504
239610,에이치엘사이언스,KOSDAQ,20260907,5310,5350
239890,피엔에이치테크,KOSDAQ,20260907,3585,3400
240550,동방메디컬,KOSDAQ,20260907,5960,5850
240600,유진테크놀로지,KOSDAQ,20260907,1639,1706
240810,원익IPS,KOSDAQ,20260907,119700,117600
241520,DSC인베스트먼트,KOSDAQ,20260907,8050,8010
241690,유니테크노,KOSDAQ,20260907,2620,2625
241710,코스메카코리아,KOSDAQ,20260907,134800,129100
241770,메카로,KOSDAQ,20260907,37550,37650
241790,티이엠씨씨엔에스,KOSDAQ,20260907,6200,6180
241820,피씨엘,KOSDAQ,20260907,0,6040
241840,에이스토리,KOSDAQ,20260907,2500,2440
242040,나무에이엑스,KOSDAQ,20260907,3035,3060
243070,휴온스,KOSDAQ,20260907,21300,21100
243840,신흥에스이씨,KOSDAQ,20260907,5660,5680
244460,올리패스,KOSDAQ,20260907,0,1651
245620,EDGC,KOSDAQ,20260907,0,741
246250,에스엘에스바이오,KOSDAQ,20260907,0,1969
246690,TS인베스트먼트,KOSDAQ,20260907,2125,2135
246710,티앤알바이오팹,KOSDAQ,20260907,2230,2220
246720,아스타,KOSDAQ,20260907,0,6070
246960,SCL사이언스,KOSDAQ,20260907,2255,2240
247540,에코프로비엠,KOSDAQ,20260907,107600,106700
247660,나노씨엠에스,KOSDAQ,20260907,3905,3600
250000,보라티알,KOSDAQ,20260907,5750,5730
250060,모비스,KOSDAQ,20260907,3000,3000
250930,예선테크,KOSDAQ,20260907,1840,1804
251120,바이오에프디엔씨,KOSDAQ,20260907,8990,8640
251370,와이엠티,KOSDAQ,20260907,6960,7080
251630,브이원텍,KOSDAQ,20260907,3490,3540
251970,펌텍코리아,KOSDAQ,20260907,55000,53700
252500,세화피앤씨,KOSDAQ,20260907,2280,2285
252990,샘씨엔에스,KOSDAQ,20260907,14290,13020
253450,스튜디오드래곤,KOSDAQ,20260907,21450,21700
253590,네오셈,KOSDAQ,20260907,11600,11460
253840,수젠텍,KOSDAQ,20260907,4510,4370
254120,자비스,KOSDAQ,20260907,1048,1024
254490,미래반도체,KOSDAQ,20260907,15600,15460
255220,SG,KOSDAQ,20260907,1150,1201
255440,야스,KOSDAQ,20260907,7170,7170
256150,한독크린텍,KOSDAQ,20260907,4850,4780
256630,포인트엔지니어링,KOSDAQ,20260907,4340,4365
256840,한국비엔씨,KOSDAQ,20260907,2650,2695
256940,킵스파마,KOSDAQ,20260907,5620,5710
257370,피엔티엠에스,KOSDAQ,20260907,1831,1950
257720,실리콘투,KOSDAQ,20260907,48050,47150
258610,케일럼,KOSDAQ,20260907,1200,1189
258790,소프트캠프,KOSDAQ,20260907,5710,5440
258830,세종메디칼,KOSDAQ,20260907,0,412
259630,엠플러스,KOSDAQ,20260907,9510,9400
260660,알리코제약,KOSDAQ,20260907,2460,2590
260930,씨티케이,KOSDAQ,20260907,2475,2435
260970,에스앤디,KOSDAQ,20260907,54000,52100
261200,덴티스,KOSDAQ,20260907,2595,2600
261520,이지스,KOSDAQ,20260907,4945,5280
261780,아리바이오랩,KOSDAQ,20260907,2630,2900
262260,에이프로,KOSDAQ,20260907,3380,3700
262840,아이퀘스트,KOSDAQ,20260907,2705,2740
263020,디케이앤디,KOSDAQ,20260907,3155,3125
263050,유틸렉스,KOSDAQ,20260907,0,959
263600,덕우전자,KOSDAQ,20260907,3605,3650
263690,디알젬,KOSDAQ,20260907,5080,5000
263700,케어랩스,KOSDAQ,20260907,1950,1901
263720,디앤씨미디어,KOSDAQ,20260907,7190,7110
263750,펄어비스,KOSDAQ,20260907,34550,33500
263770,유에스티,KOSDAQ,20260907,1648,1643
263800,데이타솔루션,KOSDAQ,20260907,4755,4750
263810,상신전자,KOSDAQ,20260907,2540,2525
263860,지니언스,KOSDAQ,20260907,15370,15260
263920,휴엠앤씨,KOSDAQ,20260907,3220,3220
264450,유비쿼스,KOSDAQ,20260907,10230,10240
264660,씨앤지하이테크,KOSDAQ,20260907,13190,13050
264850,이랜시스,KOSDAQ,20260907,5690,5620
265520,AP시스템,KOSDAQ,20260907,19020,19080
265560,영화테크,KOSDAQ,20260907,6960,6860
265740,엔에프씨,KOSDAQ,20260907,6720,6510
267320,나인테크,KOSDAQ,20260907,2215,2180
267790,배럴,KOSDAQ,20260907,3450,3420
267980,매일유업,KOSDAQ,20260907,34350,34050
270520,앱튼,KOSDAQ,20260907,3005,2935
270660,에브리봇,KOSDAQ,20260907,14540,14150
270870,뉴트리,KOSDAQ,20260907,3865,3835
271830,팸텍,KOSDAQ,20260907,1005,1003
272110,케이엔제이,KOSDAQ,20260907,25200,24750
272290,이녹스첨단소재,KOSDAQ,20260907,20800,20600
273060,와이즈버즈,KOSDAQ,20260907,0,864
273640,와이엠텍,KOSDAQ,20260907,5360,5170
274090,켄코아에어로스페이스,KOSDAQ,20260907,9600,9660
274400,이노시뮬레이션,KOSDAQ,20260907,2220,2235
275630,에스에스알,KOSDAQ,20260907,4590,4270
276040,스코넥,KOSDAQ,20260907,0,327
276730,한울앤제주,KOSDAQ,20260907,1301,1294
277070,린드먼아시아,KOSDAQ,20260907,3120,3075
277410,인산가,KOSDAQ,20260907,5610,5600
277810,레인보우로보틱스,KOSDAQ,20260907,463000,448000
277880,티에스아이,KOSDAQ,20260907,3650,3575
278280,천보,KOSDAQ,20260907,40050,39950
278650,HLB바이오스텝,KOSDAQ,20260907,2530,2405
279600,미디어젠,KOSDAQ,20260907,3950,3900
281740,레이크머티리얼즈,KOSDAQ,20260907,11280,11170
282620,기도산업,KOSDAQ,20260907,13400,13350
282720,금양그린파워,KOSDAQ,20260907,7380,7350
282880,코윈테크,KOSDAQ,20260907,10300,10140
284620,카이노스메드,KOSDAQ,20260907,0,1087
285490,노바텍,KOSDAQ,20260907,11700,11780
285800,진영,KOSDAQ,20260907,0,733
286750,나노실리칸첨단소재,KOSDAQ,20260907,2595,2735
287840,인투셀,KOSDAQ,20260907,18130,17350
288180,케이피항공산업,KOSDAQ,20260907,7100,7290
288330,파라택시스코리아,KOSDAQ,20260907,0,416
288620,에스프리즘,KOSDAQ,20260907,3690,3820
288980,모아데이타,KOSDAQ,20260907,319,338
289010,아이스크림에듀,KOSDAQ,20260907,951,974
289080,SV인베스트먼트,KOSDAQ,20260907,2325,2350
289220,자이언트스텝,KOSDAQ,20260907,1001,1033
289930,웨이비스,KOSDAQ,20260907,6900,7010
290090,트윔,KOSDAQ,20260907,4055,4165
290120,DH오토리드,KOSDAQ,20260907,2245,2240
290270,휴네시온,KOSDAQ,20260907,2940,2935
290520,신도기연,KOSDAQ,20260907,1518,1552
290550,디케이티,KOSDAQ,20260907,17340,16040
290560,파라택시스이더리움,KOSDAQ,20260907,1306,1289
290650,엘앤씨바이오,KOSDAQ,20260907,48150,46850
290660,다이나믹솔루션,KOSDAQ,20260907,1798,1705
290670,대보마그네틱,KOSDAQ,20260907,5820,5690
290690,아리바이오홀딩스,KOSDAQ,20260907,4200,4205
290720,푸드나무,KOSDAQ,20260907,2725,2710
290740,액트로,KOSDAQ,20260907,12250,11330
291230,컴투스엔,KOSDAQ,20260907,2535,2535
291650,츌립앤사이언스,KOSDAQ,20260907,1655,1616
291810,핀텔,KOSDAQ,20260907,1600,1676
293490,카카오게임즈,KOSDAQ,20260907,9150,8900
293580,나우IB,KOSDAQ,20260907,1447,1418
293780,압타바이오,KOSDAQ,20260907,6460,6400
294090,이오플로우,KOSDAQ,20260907,0,1490
294140,레몬,KOSDAQ,20260907,2200,2255
294570,쿠콘,KOSDAQ,20260907,29950,29950
294630,서남,KOSDAQ,20260907,2940,3050
295310,에이치브이엠,KOSDAQ,20260907,48800,47200
296640,이노에이엑스,KOSDAQ,20260907,6140,6110
297090,씨에스베어링,KOSDAQ,20260907,4000,4130
297570,아틀라스링크,KOSDAQ,20260907,0,869
297890,HB솔루션,KOSDAQ,20260907,1684,1671
298060,풍전약품,KOSDAQ,20260907,2495,2525
298380,에이비엘바이오,KOSDAQ,20260907,71500,71100
298540,더네이쳐홀딩스,KOSDAQ,20260907,6780,6640
298830,슈어소프트테크,KOSDAQ,20260907,4380,4330
299030,하나기술,KOSDAQ,20260907,14440,14300
299170,더블유에스아이,KOSDAQ,20260907,1250,1232
299660,셀리드,KOSDAQ,20260907,2400,2385
300080,플리토,KOSDAQ,20260907,8980,8750
300120,라온피플,KOSDAQ,20260907,3410,3480
301300,바이브컴퍼니,KOSDAQ,20260907,1839,1911
302430,이노메트리,KOSDAQ,20260907,7250,6870
302550,리메드,KOSDAQ,20260907,2770,2685
303030,지니틱스,KOSDAQ,20260907,1560,1630
303360,프로티아,KOSDAQ,20260907,5000,5050
303530,이노뎁,KOSDAQ,20260907,3085,2980
303810,동국생명과학,KOSDAQ,20260907,2280,2265
304100,솔트룩스,KOSDAQ,20260907,15300,15290
304360,에스바이오메딕스,KOSDAQ,20260907,19100,21950
304840,피플바이오,KOSDAQ,20260907,0,561
305090,마이크로디지탈,KOSDAQ,20260907,0,538
306040,에스제이그룹,KOSDAQ,20260907,1750,1830
306620,지아이에스,KOSDAQ,20260907,1878,1805
307180,아이엘,KOSDAQ,20260907,5710,5720
307280,원바이오젠,KOSDAQ,20260907,6260,5870
307750,국전,KOSDAQ,20260907,2350,2310
307870,비투엔,KOSDAQ,20260907,1345,1350
307930,컴퍼니케이,KOSDAQ,20260907,5950,5990
308080,바이젠셀,KOSDAQ,20260907,6580,6640
308100,형지글로벌,KOSDAQ,20260907,358,356
308430,셀비온,KOSDAQ,20260907,12790,13060
309710,아이티켐,KOSDAQ,20260907,0,21000
309930,조이웍스앤코,KOSDAQ,20260907,899,889
309960,LB인베스트먼트,KOSDAQ,20260907,4205,4220
310200,애니플러스,KOSDAQ,20260907,2045,2020
310210,보로노이,KOSDAQ,20260907,153100,155700
310870,디와이씨,KOSDAQ,20260907,1547,1540
311320,지오엘리먼트,KOSDAQ,20260907,9060,8870
311390,네오크레마,KOSDAQ,20260907,2420,2410
311690,CJ 바이오사이언스,KOSDAQ,20260907,3990,4020
312610,에이에프더블류,KOSDAQ,20260907,286,286
313760,캐리,KOSDAQ,20260907,0,468
314130,지놈앤컴퍼니,KOSDAQ,20260907,3445,3445
314140,알피바이오,KOSDAQ,20260907,6180,6190
314930,바이오다인,KOSDAQ,20260907,7000,7090
315640,딥노이드,KOSDAQ,20260907,1764,1790
317120,라닉스,KOSDAQ,20260907,1462,1451
317240,TS트릴리온,KOSDAQ,20260907,1115,1085
317330,덕산테코피아,KOSDAQ,20260907,12170,11980
317530,에피소드컴퍼니,KOSDAQ,20260907,3150,2955
317690,퀀타매트릭스,KOSDAQ,20260907,2495,2405
317770,엑스페릭스,KOSDAQ,20260907,2360,2350
317830,에스피시스템스,KOSDAQ,20260907,4565,4545
317850,대모,KOSDAQ,20260907,5850,6140
317870,엔바이오니아,KOSDAQ,20260907,5170,5230
318000,KBG,KOSDAQ,20260907,2870,2815
318010,팜스빌,KOSDAQ,20260907,3675,3735
318020,포인트모바일,KOSDAQ,20260907,2700,2675
318060,그래피,KOSDAQ,20260907,18020,17940
318160,셀바이오휴먼텍,KOSDAQ,20260907,6420,6330
318410,비비씨,KOSDAQ,20260907,6570,6540
319400,현대무벡스,KOSDAQ,20260907,22450,22100
319660,피에스케이,KOSDAQ,20260907,130500,128200
320000,한울반도체,KOSDAQ,20260907,10320,10150
321260,프로이천,KOSDAQ,20260907,1649,1621
321370,센서뷰,KOSDAQ,20260907,1121,1116
321550,티움바이오,KOSDAQ,20260907,4565,4725
321820,아티스트컴퍼니,KOSDAQ,20260907,2695,2605
322180,LS티라유텍,KOSDAQ,20260907,4100,4005
322310,오로스테크놀로지,KOSDAQ,20260907,12600,12650
322510,제이엘케이,KOSDAQ,20260907,4770,4645
322780,코퍼스코리아,KOSDAQ,20260907,1975,1880
323280,태성,KOSDAQ,20260907,45900,47450
323350,다원넥스뷰,KOSDAQ,20260907,7420,7540
323990,박셀바이오,KOSDAQ,20260907,4280,4400
327260,RF머트리얼즈,KOSDAQ,20260907,35500,33750
328130,루닛,KOSDAQ,20260907,9140,8870
328380,솔트웨어,KOSDAQ,20260907,3940,4025
330350,위더스제약,KOSDAQ,20260907,7380,7560
330730,스톤브릿지벤처스,KOSDAQ,20260907,4835,4750
330860,네패스아크,KOSDAQ,20260907,24200,24400
331380,포커스에이아이,KOSDAQ,20260907,1948,2070
331520,밸로프,KOSDAQ,20260907,2405,2310
331740,아우토크립트,KOSDAQ,20260907,6650,6610
331920,셀레믹스,KOSDAQ,20260907,14980,14260
332290,누보,KOSDAQ,20260907,0,897
332370,아이디피,KOSDAQ,20260907,5370,5370
332570,PS일렉트로닉스,KOSDAQ,20260907,7790,7670
333050,이노테나,KOSDAQ,20260907,5010,4995
333430,일승,KOSDAQ,20260907,3885,3805
333620,엔시스,KOSDAQ,20260907,5300,5350
334970,프레스티지바이오로직스,KOSDAQ,20260907,1740,1722
335810,프리시젼바이오,KOSDAQ,20260907,1543,1557
335870,윙스풋,KOSDAQ,20260907,5090,5060
336060,웨이버스,KOSDAQ,20260907,3025,3030
336570,원텍,KOSDAQ,20260907,4935,5050
336680,탑런토탈솔루션,KOSDAQ,20260907,2890,2955
337930,젝시믹스,KOSDAQ,20260907,2650,2610
338220,뷰노,KOSDAQ,20260907,5250,5240
338840,와이바이오로직스,KOSDAQ,20260907,8740,8990
339950,아이비김영,KOSDAQ,20260907,2590,2510
340360,다보링크,KOSDAQ,20260907,1012,1012
340440,세림B&G,KOSDAQ,20260907,780,764
340450,지씨지놈,KOSDAQ,20260907,5510,5500
340570,티앤엘,KOSDAQ,20260907,30250,29000
340810,시선AI,KOSDAQ,20260907,3910,4100
340930,성원에너텍,KOSDAQ,20260907,0,806
342870,오아,KOSDAQ,20260907,3570,3575
344860,이노진,KOSDAQ,20260907,1368,1322
347000,센코,KOSDAQ,20260907,1895,1912
347700,스피어,KOSDAQ,20260907,19400,19060
347740,피엔케이피부임상연구센타,KOSDAQ,20260907,1813,1829
347770,핌스,KOSDAQ,20260907,997,938
347850,디앤디파마텍,KOSDAQ,20260907,49250,49700
347860,알체라,KOSDAQ,20260907,1270,1300
347890,엠엑스온,KOSDAQ,20260907,4565,4535
348030,모비릭스,KOSDAQ,20260907,2900,2960
348080,큐라티스,KOSDAQ,20260907,2855,2680
348150,고바이오랩,KOSDAQ,20260907,2890,2910
348210,넥스틴,KOSDAQ,20260907,31600,31200
348340,뉴로메카,KOSDAQ,20260907,17500,18080
348350,위드텍,KOSDAQ,20260907,9650,9540
348370,엔켐,KOSDAQ,20260907,21000,21250
351320,넥사다이내믹스,KOSDAQ,20260907,3870,4335
351330,이삭엔지니어링,KOSDAQ,20260907,3550,3440
351870,차이커뮤니케이션,KOSDAQ,20260907,2335,2565
352090,스톰테크,KOSDAQ,20260907,3650,3710
352480,씨앤씨인터내셔널,KOSDAQ,20260907,21900,21800
352700,씨앤투스,KOSDAQ,20260907,1451,1473
352770,셀레스트라,KOSDAQ,20260907,0,5250
352910,오비고,KOSDAQ,20260907,4950,4945
352940,인바이오,KOSDAQ,20260907,2045,2000
353190,휴럼,KOSDAQ,20260907,2700,2660
353590,오토앤,KOSDAQ,20260907,1693,1683
353810,이지바이오,KOSDAQ,20260907,6330,6160
354200,엔젠바이오,KOSDAQ,20260907,1524,1499
354320,알멕,KOSDAQ,20260907,32350,37550
355150,코스텍시스,KOSDAQ,20260907,18990,19220
355390,크라우드웍스,KOSDAQ,20260907,1329,1424
355690,에이텀,KOSDAQ,20260907,4820,4870
356680,엑스게이트,KOSDAQ,20260907,11470,11330
356860,티엘비,KOSDAQ,20260907,39300,37150
356890,싸이버원,KOSDAQ,20260907,2335,2370
357230,에이치피오,KOSDAQ,20260907,2140,2145
357550,석경에이티,KOSDAQ,20260907,32900,33000
357580,아모센스,KOSDAQ,20260907,4960,5150
357780,솔브레인,KOSDAQ,20260907,334500,340500
357880,SKAI,KOSDAQ,20260907,1760,1770
358570,지아이이노베이션,KOSDAQ,20260907,8050,8770
359090,씨엔알리서치,KOSDAQ,20260907,1981,1981
360070,탑머티리얼,KOSDAQ,20260907,8600,8390
360350,코셈,KOSDAQ,20260907,5550,5140
361390,제노코,KOSDAQ,20260907,12150,11970
361570,알비더블유,KOSDAQ,20260907,1580,1565
361670,삼영에스앤씨,KOSDAQ,20260907,3645,3530
362320,청담글로벌,KOSDAQ,20260907,4440,4450
362990,드림인사이트,KOSDAQ,20260907,1249,1224
363250,진시스템,KOSDAQ,20260907,4035,3995
363260,모비데이즈,KOSDAQ,20260907,0,916
364950,에이아이코리아,KOSDAQ,20260907,3410,3525
365270,큐라클,KOSDAQ,20260907,10060,9910
365330,에스와이스틸텍,KOSDAQ,20260907,1524,1574
365340,성일하이텍,KOSDAQ,20260907,37000,36300
365590,하이딥,KOSDAQ,20260907,0,783
365660,레몬헬스케어,KOSDAQ,20260907,4515,4645
365900,브이씨,KOSDAQ,20260907,2435,2400
366030,나인앤컴퍼니,KOSDAQ,20260907,4840,4555
367000,플래티어,KOSDAQ,20260907,3545,3450
368600,아이씨에이치,KOSDAQ,20260907,999,994
368770,파이버프로,KOSDAQ,20260907,11780,11800
368970,오에스피,KOSDAQ,20260907,2585,2610
369370,블리츠웨이엔터테인먼트,KOSDAQ,20260907,3645,3600
370090,퓨런티어,KOSDAQ,20260907,6550,6300
371950,풍원정밀,KOSDAQ,20260907,3390,2900
372170,윤성에프앤씨,KOSDAQ,20260907,22700,22400
372320,큐로셀,KOSDAQ,20260907,24300,24000
372800,아이티아이즈,KOSDAQ,20260907,3080,2980
373110,엑셀세라퓨틱스,KOSDAQ,20260907,1105,1105
373160,데이원컴퍼니,KOSDAQ,20260907,3000,2960
373170,엠아이큐브솔루션,KOSDAQ,20260907,2080,2175
373200,엑스플러스,KOSDAQ,20260907,1703,1905
376180,피코그램,KOSDAQ,20260907,1430,1416
376270,HEM파마,KOSDAQ,20260907,39050,37600
376290,씨유테크,KOSDAQ,20260907,2915,2810
376300,디어유,KOSDAQ,20260907,18110,18360
376900,로킷헬스케어,KOSDAQ,20260907,25200,27050
376930,노을,KOSDAQ,20260907,1764,1620
376980,원티드랩,KOSDAQ,20260907,3075,3030
377030,비트맥스,KOSDAQ,20260907,1840,1783
377220,프롬바이오,KOSDAQ,20260907,2860,2935
377330,이지트로닉스,KOSDAQ,20260907,2685,2750
377450,리파인,KOSDAQ,20260907,17060,16970
377460,큐에이드,KOSDAQ,20260907,0,4080
377480,마음AI,KOSDAQ,20260907,9850,9870
378340,필에너지,KOSDAQ,20260907,11750,11980
378800,샤페론,KOSDAQ,20260907,0,510
380540,옵티코어,KOSDAQ,20260907,0,8450
380550,뉴로핏,KOSDAQ,20260907,7270,7060
381620,제닉스로보틱스,KOSDAQ,20260907,6090,6060
382150,온코크로스,KOSDAQ,20260907,3455,3455
382480,지아이텍,KOSDAQ,20260907,1627,1618
382800,지앤비에스 에코,KOSDAQ,20260907,5120,5080
382840,원준,KOSDAQ,20260907,4955,5080
382900,범한퓨얼셀,KOSDAQ,20260907,18530,18540
383310,에코프로에이치엔,KOSDAQ,20260907,23150,22750
383930,디티앤씨알오,KOSDAQ,20260907,1579,1527
384470,코어라인소프트,KOSDAQ,20260907,2520,2440
386380,스카이랩스,KOSDAQ,20260907,23200,30550
387570,파인메딕스,KOSDAQ,20260907,6640,6600
387690,레메디,KOSDAQ,20260907,16080,18140
388050,지투파워,KOSDAQ,20260907,9850,10460
388210,씨엠티엑스,KOSDAQ,20260907,76500,75100
388610,지에프씨생명과학,KOSDAQ,20260907,5390,5060
388720,유일로보틱스,KOSDAQ,20260907,66500,66200
388790,라이콤,KOSDAQ,20260907,4090,4175
388870,파로스아이바이오,KOSDAQ,20260907,5150,5290
389020,자람테크놀로지,KOSDAQ,20260907,21450,21850
389030,지니너스,KOSDAQ,20260907,1710,1730
389140,포바이포,KOSDAQ,20260907,5180,5140
389260,대명에너지,KOSDAQ,20260907,13150,13030
389470,인벤티지랩,KOSDAQ,20260907,26750,26200
389500,에스비비테크,KOSDAQ,20260907,38350,38800
389650,넥스트바이오메디컬,KOSDAQ,20260907,31050,31050
389680,유디엠텍,KOSDAQ,20260907,2020,1973
391710,코닉오토메이션,KOSDAQ,20260907,1150,1131
393210,토마토시스템,KOSDAQ,20260907,2285,2285
393890,더블유씨피,KOSDAQ,20260907,10090,10080
393970,대진첨단소재,KOSDAQ,20260907,0,2825
394280,오픈엣지테크놀로지,KOSDAQ,20260907,8560,8410
394420,리센스메디컬,KOSDAQ,20260907,10280,9710
394800,쓰리빌리언,KOSDAQ,20260907,4840,4890
396270,넥스트칩,KOSDAQ,20260907,2100,2045
396300,HT로보틱스,KOSDAQ,20260907,5730,5180
396470,워트,KOSDAQ,20260907,6490,6370
397030,에이프릴바이오,KOSDAQ,20260907,17810,18180
397810,애드포러스,KOSDAQ,20260907,6600,6560
398120,에스지헬스케어,KOSDAQ,20260907,1818,1755
399720,가온칩스,KOSDAQ,20260907,43200,43050
402030,코난테크놀로지,KOSDAQ,20260907,13830,13710
402490,그린리소스,KOSDAQ,20260907,6370,6300
403490,우듬지팜,KOSDAQ,20260907,2355,2235
403850,더핑크퐁컴퍼니,KOSDAQ,20260907,12770,13000
403870,HPSP,KOSDAQ,20260907,52000,53300
405000,플라즈맵,KOSDAQ,20260907,3500,3500
405100,큐알티,KOSDAQ,20260907,14000,14120
405920,나라셀라,KOSDAQ,20260907,1807,1814
406820,뷰티스킨,KOSDAQ,20260907,1925,1884
407400,꿈비,KOSDAQ,20260907,2105,2125
408470,한패스,KOSDAQ,20260907,5240,5160
408900,스튜디오미르,KOSDAQ,20260907,1127,1119
408920,메쎄이상,KOSDAQ,20260907,3150,3140
411080,샌즈랩,KOSDAQ,20260907,4305,4200
412350,레이저쎌,KOSDAQ,20260907,5120,4935
412540,제일엠앤에스,KOSDAQ,20260907,0,3935
413390,엠오티,KOSDAQ,20260907,7020,6880
413630,씨피시스템,KOSDAQ,20260907,4145,4080
413640,비아이매트릭스,KOSDAQ,20260907,5930,5980
415380,스튜디오삼익,KOSDAQ,20260907,2025,2035
416180,신성에스티,KOSDAQ,20260907,25750,25100
417010,나노팀,KOSDAQ,20260907,6500,6210
417030,니어스랩,KOSDAQ,20260907,30900,31050
417180,핑거스토리,KOSDAQ,20260907,4550,4455
417200,LS머트리얼즈,KOSDAQ,20260907,11200,11130
417500,제이아이테크,KOSDAQ,20260907,3575,4125
417790,트루엔,KOSDAQ,20260907,7190,7230
417840,저스템,KOSDAQ,20260907,15480,14080
417860,오브젠,KOSDAQ,20260907,7000,6970
417970,모델솔루션,KOSDAQ,20260907,10710,10580
418250,시큐레터,KOSDAQ,20260907,0,6550
418420,라온텍,KOSDAQ,20260907,4070,3975
418470,KT밀리의서재,KOSDAQ,20260907,9810,9630
418550,제이오,KOSDAQ,20260907,4695,4715
418620,E8,KOSDAQ,20260907,630,563
419050,삼기에너지솔루션즈,KOSDAQ,20260907,1672,1661
419080,엔젯,KOSDAQ,20260907,5050,4980
419120,산돌,KOSDAQ,20260907,2355,2360
419530,SAMG엔터,KOSDAQ,20260907,19010,19080
419540,비스토스,KOSDAQ,20260907,3290,3270
420570,제이투케이바이오,KOSDAQ,20260907,9380,9130
420770,기가비스,KOSDAQ,20260907,103900,101800
424760,벨로크,KOSDAQ,20260907,2585,2450
424870,이뮨온시아,KOSDAQ,20260907,2910,2910
424960,스마트레이더시스템,KOSDAQ,20260907,3930,3805
424980,마이크로투나노,KOSDAQ,20260907,8390,8610
425040,티이엠씨,KOSDAQ,20260907,8460,8450
425420,티에프이,KOSDAQ,20260907,55500,52700
429270,시지트로닉스,KOSDAQ,20260907,3370,3085
430690,한싹,KOSDAQ,20260907,2600,2510
431190,케이쓰리아이,KOSDAQ,20260907,3100,2980
432430,와이랩,KOSDAQ,20260907,2065,2095
432470,케이엔에스,KOSDAQ,20260907,9990,9500
432720,퀄리타스반도체,KOSDAQ,20260907,8740,8820
432980,엠에프씨,KOSDAQ,20260907,2535,2535
434480,모니터랩,KOSDAQ,20260907,2665,2610
435570,에르코스,KOSDAQ,20260907,7090,7120
437730,삼현,KOSDAQ,20260907,34400,33850
438700,버넥트,KOSDAQ,20260907,1725,1755
439090,마녀공장,KOSDAQ,20260907,16160,15970
439580,블루엠텍,KOSDAQ,20260907,2110,2020
439960,코스모로보틱스,KOSDAQ,20260907,12850,12610
440110,파두,KOSDAQ,20260907,69900,69900
440290,HB인베스트먼트,KOSDAQ,20260907,1755,1758
440320,오픈놀,KOSDAQ,20260907,2330,2310
441270,파인엠텍,KOSDAQ,20260907,9710,9260
443250,레뷰코퍼레이션,KOSDAQ,20260907,5850,5890
443670,에스피소프트,KOSDAQ,20260907,4110,3970
444530,심플랫폼,KOSDAQ,20260907,4555,4490
445090,에이직랜드,KOSDAQ,20260907,20650,20350
445180,퓨릿,KOSDAQ,20260907,8150,7980
445680,큐리옥스바이오시스템즈,KOSDAQ,20260907,48250,50700
446540,메가터치,KOSDAQ,20260907,7350,7090
446840,지슨,KOSDAQ,20260907,3200,3010
448280,에코아이,KOSDAQ,20260907,9850,9530
448710,코츠테크놀로지,KOSDAQ,20260907,11330,11200
448900,한국피아이엠,KOSDAQ,20260907,51100,49550
450330,하스,KOSDAQ,20260907,5020,5120
450520,인스웨이브,KOSDAQ,20260907,1900,1918
450950,아스테라시스,KOSDAQ,20260907,5150,5270
451220,아이엠티,KOSDAQ,20260907,8390,8020
451250,삐아,KOSDAQ,20260907,7540,7450
451760,컨텍,KOSDAQ,20260907,6970,7000
452160,제이엔비,KOSDAQ,20260907,3155,3135
452190,한빛레이저,KOSDAQ,20260907,3800,4065
452200,민테크,KOSDAQ,20260907,1600,1600
452280,한선엔지니어링,KOSDAQ,20260907,10450,10190
452300,캡스톤파트너스,KOSDAQ,20260907,2380,2285
452400,이닉스,KOSDAQ,20260907,6210,6240
452430,사피엔반도체,KOSDAQ,20260907,34800,32600
452450,피아이이,KOSDAQ,20260907,3855,4185
453450,그리드위즈,KOSDAQ,20260907,13040,12890
453860,에이에스텍,KOSDAQ,20260907,8240,8190
455180,케이지에이,KOSDAQ,20260907,1273,1263
455900,엔젤로보틱스,KOSDAQ,20260907,21050,21300
456010,아이씨티케이,KOSDAQ,20260907,15140,15000
456070,이엔셀,KOSDAQ,20260907,5550,5550
456160,지투지바이오,KOSDAQ,20260907,38250,38300
457370,한켐,KOSDAQ,20260907,8050,7900
457550,우진엔텍,KOSDAQ,20260907,13000,13440
457600,벡트,KOSDAQ,20260907,5040,4580
458350,에스팀,KOSDAQ,20260907,3230,3235
458650,성우,KOSDAQ,20260907,7780,7760
458870,씨어스,KOSDAQ,20260907,21500,22450
459100,위츠,KOSDAQ,20260907,4055,4055
459510,나우로보틱스,KOSDAQ,20260907,15000,14640
459550,알트,KOSDAQ,20260907,2590,2655
460470,아이빔테크놀로지,KOSDAQ,20260907,2970,2810
460870,에스엠씨지,KOSDAQ,20260907,2915,2835
460930,현대힘스,KOSDAQ,20260907,13320,13370
460940,피앤에스로보틱스,KOSDAQ,20260907,5040,5070
461030,아이엠비디엑스,KOSDAQ,20260907,2910,2845
461300,아이스크림미디어,KOSDAQ,20260907,19620,19000
462310,뉴키즈온,KOSDAQ,20260907,3855,3865
462350,이노스페이스,KOSDAQ,20260907,5820,5790
462510,라메디텍,KOSDAQ,20260907,2685,2605
462860,더즌,KOSDAQ,20260907,3315,3360
462980,아이지넷,KOSDAQ,20260907,1512,1570
463020,뉴엔AI,KOSDAQ,20260907,8540,8510
463480,모티브링크,KOSDAQ,20260907,3985,4015
464080,에스오에스랩,KOSDAQ,20260907,10230,10240
464280,티디에스팜,KOSDAQ,20260907,5910,5870
464490,쿼드메디슨,KOSDAQ,20260907,4900,4915
464500,아이언디바이스,KOSDAQ,20260907,1730,1733
464580,닷밀,KOSDAQ,20260907,1608,1563
465320,교보15호스팩,KOSDAQ,20260907,2140,2135
465480,인스피언,KOSDAQ,20260907,3480,3495
466100,클로봇,KOSDAQ,20260907,24700,24250
466410,사이냅소프트,KOSDAQ,20260907,8810,8480
466690,키움히어로제1호스팩,KOSDAQ,20260907,2010,2000
468530,프로티나,KOSDAQ,20260907,30750,29750
468760,유진스팩10호,KOSDAQ,20260907,0,2080
469480,IBKS제24호스팩,KOSDAQ,20260907,0,2130
469610,이노테크,KOSDAQ,20260907,15800,15410
469750,아이비젼웍스,KOSDAQ,20260907,982,979
469900,하나31호스팩,KOSDAQ,20260907,2095,2095
471820,셀로맥스사이언스,KOSDAQ,20260907,4055,4090
472220,신영스팩10호,KOSDAQ,20260907,2110,2110
472230,에스케이증권제11호스팩,KOSDAQ,20260907,2105,2100
472850,폰드그룹,KOSDAQ,20260907,4995,4780
473000,에스케이증권제12호스팩,KOSDAQ,20260907,2075,2080
473050,유안타제15호스팩,KOSDAQ,20260907,2100,2100
473950,에스케이증권제13호스팩,KOSDAQ,20260907,2055,2050
473980,노머스,KOSDAQ,20260907,11940,11550
474170,루미르,KOSDAQ,20260907,6270,6260
474490,유안타제16호스팩,KOSDAQ,20260907,2080,2080
474610,RF시스템즈,KOSDAQ,20260907,6800,6910
474650,링크솔루션,KOSDAQ,20260907,25800,25000
474660,신한제12호스팩,KOSDAQ,20260907,2090,2090
474930,신한제13호스팩,KOSDAQ,20260907,2100,2100
475040,스트라드비젼,KOSDAQ,20260907,2835,2810
475230,엔알비,KOSDAQ,20260907,10200,9530
475240,하나32호스팩,KOSDAQ,20260907,2100,2095
475250,하나33호스팩,KOSDAQ,20260907,2090,2090
475400,씨메스로보틱스,KOSDAQ,20260907,18190,17800
475430,키스트론,KOSDAQ,20260907,4150,4120
475460,미트박스,KOSDAQ,20260907,8300,8290
475580,에이럭스,KOSDAQ,20260907,7130,7110
475660,에스켐,KOSDAQ,20260907,3330,3315
475830,오름테라퓨틱,KOSDAQ,20260907,55600,54100
475960,토모큐브,KOSDAQ,20260907,28400,28200
476040,오가노이드사이언스,KOSDAQ,20260907,6630,6770
476060,온코닉테라퓨틱스,KOSDAQ,20260907,16250,16290
476080,M83,KOSDAQ,20260907,3920,4080
476830,알지노믹스,KOSDAQ,20260907,29400,28650
477340,에이치엠씨제7호스팩,KOSDAQ,20260907,2060,2060
477380,미래에셋비전스팩4호,KOSDAQ,20260907,2080,2085
477470,미래에셋비전스팩5호,KOSDAQ,20260907,2085,2075
477760,DB금융스팩12호,KOSDAQ,20260907,2065,2075
477850,마키나락스,KOSDAQ,20260907,23300,23450
478110,이베스트스팩6호,KOSDAQ,20260907,2055,2055
478340,나라스페이스테크놀로지,KOSDAQ,20260907,10050,10070
478390,KB제29호스팩,KOSDAQ,20260907,2080,2060
478440,미래에셋비전스팩6호,KOSDAQ,20260907,2070,2070
478560,블랙야크아이앤씨,KOSDAQ,20260907,3160,3190
479880,한국제15호스팩,KOSDAQ,20260907,2065,2070
479960,위너스일렉,KOSDAQ,20260907,6100,6010
481070,에이유브랜즈,KOSDAQ,20260907,17360,16840
481890,엔에이치스팩31호,KOSDAQ,20260907,2070,2065
482520,교보16호스팩,KOSDAQ,20260907,2060,2060
482630,삼양엔씨켐,KOSDAQ,20260907,13000,12650
482680,미래에셋비전스팩7호,KOSDAQ,20260907,0,2055
482690,대신밸런스제19호스팩,KOSDAQ,20260907,2080,2080
483350,딜리셔스,KOSDAQ,20260907,2950,3045
484120,도우인시스,KOSDAQ,20260907,21500,20450
484130,하나34호스팩,KOSDAQ,20260907,2040,2045
484590,삼양컴텍,KOSDAQ,20260907,6850,6810
484810,티엑스알로보틱스,KOSDAQ,20260907,13990,13670
486630,KB제30호스팩,KOSDAQ,20260907,2060,2050
486990,노타,KOSDAQ,20260907,18200,17750
487360,신한제14호스팩,KOSDAQ,20260907,2040,2030
487400,케이앤에스아이앤씨,KOSDAQ,20260907,7550,8030
487580,폴레드,KOSDAQ,20260907,3150,3085
487720,키움제10호스팩,KOSDAQ,20260907,2035,2045
487830,신한제15호스팩,KOSDAQ,20260907,2055,2050
488060,유진스팩11호,KOSDAQ,20260907,2060,2045
488280,에스투더블유,KOSDAQ,20260907,9740,9600
488900,비츠로넥스텍,KOSDAQ,20260907,9450,9330
489210,교보17호스팩,KOSDAQ,20260907,2050,2045
489460,바이오비쥬,KOSDAQ,20260907,11200,10760
489480,키움제11호스팩,KOSDAQ,20260907,2160,2190
489500,엘케이켐,KOSDAQ,20260907,20250,20600
489730,디비금융제13호스팩,KOSDAQ,20260907,2050,2045
490470,세미파이브,KOSDAQ,20260907,15000,14380
491000,리브스메드,KOSDAQ,20260907,34700,33750
492220,KB제31호스팩,KOSDAQ,20260907,2035,2035
493280,아이엠바이오로직스,KOSDAQ,20260907,14700,14550
493330,지에프아이,KOSDAQ,20260907,13970,14980
493790,유안타제17호스팩,KOSDAQ,20260907,2025,2030
494120,큐리오시스,KOSDAQ,20260907,8570,8760
496070,신한제16호스팩,KOSDAQ,20260907,2015,2010
498390,한화플러스제5호스팩,KOSDAQ,20260907,0,2035
900070,글로벌에스엠,KOSDAQ,20260907,1026,1003
900100,파이온엑스,KOSDAQ,20260907,2225,2110
900110,딥커머스,KOSDAQ,20260907,0,1201
900120,씨엑스아이,KOSDAQ,20260907,0,1040
900250,크리스탈신소재,KOSDAQ,20260907,1162,1173
900260,로스웰,KOSDAQ,20260907,1755,1779
900270,헝셩그룹,KOSDAQ,20260907,3280,3195
900290,GRT,KOSDAQ,20260907,4005,4005
900300,오가닉티코스메틱,KOSDAQ,20260907,3660,3630
900310,컬러레이,KOSDAQ,20260907,2170,2260
900340,윙입푸드,KOSDAQ,20260907,1419,1418
950130,엑세스바이오,KOSDAQ,20260907,2530,2455
950140,잉글우드랩,KOSDAQ,20260907,8620,8560
950160,코오롱티슈진,KOSDAQ,20260907,17200,17420
950170,JTC,KOSDAQ,20260907,4450,4400
950190,고스트스튜디오,KOSDAQ,20260907,9510,9530
950200,소마젠,KOSDAQ,20260907,3440,3310
950220,네오이뮨텍,KOSDAQ,20260907,2550,2510
950250,테라뷰,KOSDAQ,20260907,2230,2320
950260,인제니아테라퓨틱스(Reg.S),KOSDAQ,20260907,15420,16230
000020,동화약품,KOSPI,20260907,5210,5220
000040,KR모터스,KOSPI,20260907,0,1310
000050,경방,KOSPI,20260907,8160,8180
000070,삼양홀딩스,KOSPI,20260907,60800,60800
000080,하이트진로,KOSPI,20260907,15550,15500
000087,하이트진로2우B,KOSPI,20260907,12580,12390
000100,유한양행,KOSPI,20260907,82000,80700
000105,유한양행우,KOSPI,20260907,69900,69900
000120,CJ대한통운,KOSPI,20260907,74100,73700
000140,하이트진로홀딩스,KOSPI,20260907,8050,8010
000145,하이트진로홀딩스우,KOSPI,20260907,9260,9250
000150,두산,KOSPI,20260907,1206000,1271000
000155,두산우,KOSPI,20260907,409500,429500
000157,두산2우B,KOSPI,20260907,337500,350000
000180,성창기업지주,KOSPI,20260907,5210,5200
000210,DL,KOSPI,20260907,54100,53800
000215,DL우,KOSPI,20260907,25000,24750
000220,유유제약,KOSPI,20260907,3850,3940
000225,유유제약1우,KOSPI,20260907,3685,3685
000227,유유제약2우B,KOSPI,20260907,7540,7100
000230,일동홀딩스,KOSPI,20260907,6300,6150
000240,한국앤컴퍼니,KOSPI,20260907,25000,24550
000270,기아,KOSPI,20260907,128300,128400
000300,DH오토넥스,KOSPI,20260907,0,4200
000320,노루홀딩스,KOSPI,20260907,17200,17270
000325,노루홀딩스우,KOSPI,20260907,27250,27400
000370,한화손해보험,KOSPI,20260907,8400,8270
000390,SP삼화,KOSPI,20260907,6380,6490
000400,롯데손해보험,KOSPI,20260907,2055,2080
000430,대원강업,KOSPI,20260907,4390,4560
000480,CR홀딩스,KOSPI,20260907,4525,4505
000490,대동,KOSPI,20260907,8400,8130
000500,가온전선,KOSPI,20260907,217000,234500
000520,삼일제약,KOSPI,20260907,6230,6280
000540,흥국화재,KOSPI,20260907,3695,3730
000545,흥국화재우,KOSPI,20260907,5790,5680
000590,CS홀딩스,KOSPI,20260907,68100,67300
000640,동아쏘시오홀딩스,KOSPI,20260907,92600,92100
000650,천일고속,KOSPI,20260907,144400,143800
000660,SK하이닉스,KOSPI,20260907,1737000,1783000
000670,영풍,KOSPI,20260907,39750,39450
000680,LS네트웍스,KOSPI,20260907,3030,2965
000700,유수홀딩스,KOSPI,20260907,6640,6570
000720,현대건설,KOSPI,20260907,119400,126900
000725,현대건설우,KOSPI,20260907,52700,54000
000760,이화산업,KOSPI,20260907,13610,14610
000810,삼성화재,KOSPI,20260907,662000,656000
000815,삼성화재우,KOSPI,20260907,430500,423500
000850,화천기공,KOSPI,20260907,35850,36600
000860,강남제비스코,KOSPI,20260907,12640,12990
000880,한화,KOSPI,20260907,138900,139000
00088K,한화3우B,KOSPI,20260907,41200,41750
000890,보해양조,KOSPI,20260907,1404,1419
000910,유니온,KOSPI,20260907,2985,2930
000950,전방,KOSPI,20260907,32650,32100
000970,한국주철관,KOSPI,20260907,6660,6660
000990,DB하이텍,KOSPI,20260907,95000,100800
001020,페이퍼코리아,KOSPI,20260907,2500,2565
001040,CJ,KOSPI,20260907,131900,132700
001045,CJ우,KOSPI,20260907,68500,69400
00104K,CJ4우(전환),KOSPI,20260907,128700,129800
001060,JW중외제약,KOSPI,20260907,27750,27200
001065,JW중외제약우,KOSPI,20260907,22800,22650
001067,JW중외제약2우B,KOSPI,20260907,50300,50200
001070,대한방직,KOSPI,20260907,5970,6050
001080,만호제강,KOSPI,20260907,4005,4000
001120,LX인터내셔널,KOSPI,20260907,40300,39900
001130,대한제분,KOSPI,20260907,11700,11630
001200,유진투자증권,KOSPI,20260907,4350,4345
001210,금호전기,KOSPI,20260907,12470,12680
001230,동국홀딩스,KOSPI,20260907,2070,1997
001250,GS글로벌,KOSPI,20260907,2660,2655
001260,남광토건,KOSPI,20260907,8000,7840
001270,부국증권,KOSPI,20260907,52100,52100
001275,부국증권우,KOSPI,20260907,30300,30350
001290,상상인증권,KOSPI,20260907,0,1010
001340,PKC,KOSPI,20260907,5100,5110
001360,삼성제약,KOSPI,20260907,1323,1324
001380,SG글로벌,KOSPI,20260907,1319,1287
001390,KG케미칼,KOSPI,20260907,4525,4515
001420,태원물산,KOSPI,20260907,2830,2810
001430,세아베스틸지주,KOSPI,20260907,42400,40050
001440,대한전선,KOSPI,20260907,27950,28650
001450,현대해상,KOSPI,20260907,51000,51000
001460,BYC,KOSPI,20260907,38450,37750
001465,BYC우,KOSPI,20260907,27000,26950
001470,삼부토건,KOSPI,20260907,0,5820
001500,현대차증권,KOSPI,20260907,7950,8200
001510,SK증권,KOSPI,20260907,2460,2460
001515,SK증권우,KOSPI,20260907,4145,4100
001520,동양,KOSPI,20260907,1082,1083
001525,동양우,KOSPI,20260907,8570,8850
001527,동양2우B,KOSPI,20260907,6090,5890
001530,DI동일,KOSPI,20260907,27150,28300
001550,조비,KOSPI,20260907,11350,11140
001560,제일연마,KOSPI,20260907,9320,9360
001570,금양,KOSPI,20260907,0,9900
001620,케이비아이동국실업,KOSPI,20260907,2260,2250
001630,종근당홀딩스,KOSPI,20260907,39000,38850
001680,대상,KOSPI,20260907,19380,18820
001685,대상우,KOSPI,20260907,14950,14700
001720,신영증권,KOSPI,20260907,149300,147700
001740,SK네트웍스,KOSPI,20260907,6450,6500
001750,한양증권,KOSPI,20260907,19550,19500
001755,한양증권우,KOSPI,20260907,19260,19300
001770,SHD,KOSPI,20260907,15700,14590
001780,알루코,KOSPI,20260907,1595,1607
001790,대한제당,KOSPI,20260907,2915,2905
001795,대한제당우,KOSPI,20260907,2190,2175
001800,오리온홀딩스,KOSPI,20260907,25750,25550
001820,삼화콘덴서,KOSPI,20260907,114000,116700
001940,KISCO홀딩스,KOSPI,20260907,27100,26100
002020,코오롱,KOSPI,20260907,25600,25650
002025,코오롱우,KOSPI,20260907,13400,13450
002030,아세아,KOSPI,20260907,210000,207500
002070,비비안,KOSPI,20260907,5300,5220
002100,경농,KOSPI,20260907,9330,9330
002140,고려산업,KOSPI,20260907,2070,2045
002150,도화엔지니어링,KOSPI,20260907,5320,5350
002170,SYTS,KOSPI,20260907,54300,53300
002200,한국수출포장,KOSPI,20260907,2700,2680
002210,동성제약,KOSPI,20260907,1444,1473
002220,한일철강,KOSPI,20260907,3030,3045
002240,고려제강,KOSPI,20260907,17310,17170
002310,아세아제지,KOSPI,20260907,8840,8980
002320,한진,KOSPI,20260907,14880,14910
002350,넥센타이어,KOSPI,20260907,6050,5990
002355,넥센타이어1우B,KOSPI,20260907,3935,3915
002360,SH에너지화학,KOSPI,20260907,1604,1587
002380,KCC,KOSPI,20260907,493000,498500
002390,한독,KOSPI,20260907,9520,9530
002410,범양건영,KOSPI,20260907,0,1935
002420,우양피앤엘,KOSPI,20260907,5780,5860
002450,삼익악기,KOSPI,20260907,1160,1167
002460,HS화성,KOSPI,20260907,10700,10960
002600,조흥,KOSPI,20260907,140400,139000
002620,제일파마홀딩스,KOSPI,20260907,7680,7610
002630,오리엔트바이오,KOSPI,20260907,0,913
002690,동일제강,KOSPI,20260907,1483,1447
002700,신일전자,KOSPI,20260907,1002,989
002710,TCC스틸,KOSPI,20260907,11130,11040
002720,국제약품,KOSPI,20260907,3430,3395
002760,보락,KOSPI,20260907,1008,1008
002780,진흥기업,KOSPI,20260907,8340,7570
002785,진흥기업우B,KOSPI,20260907,14500,13280
002787,진흥기업2우B,KOSPI,20260907,33850,28000
002790,아모레퍼시픽홀딩스,KOSPI,20260907,26450,26450
002795,아모레퍼시픽홀딩스우,KOSPI,20260907,11160,11120
00279K,아모레퍼시픽홀딩스3우C,KOSPI,20260907,21400,21400
002810,삼영무역,KOSPI,20260907,22050,22200
002820,SUN&L,KOSPI,20260907,1701,1734
002840,미원상사,KOSPI,20260907,131000,131800
002870,신풍,KOSPI,20260907,1058,1104
002880,디와이에이,KOSPI,20260907,0,753
002900,TYM,KOSPI,20260907,7560,7040
002920,유성기업,KOSPI,20260907,1792,1800
002960,한국쉘석유,KOSPI,20260907,500000,498500
002990,금호건설,KOSPI,20260907,16150,16110
002995,금호건설우,KOSPI,20260907,20300,20100
003000,부광약품,KOSPI,20260907,4130,4105
003010,혜인,KOSPI,20260907,10650,8900
003030,세아제강지주,KOSPI,20260907,103000,105500
003060,에이프로젠바이오로직스,KOSPI,20260907,1810,1818
003070,코오롱글로벌,KOSPI,20260907,9350,9370
003075,코오롱글로벌우,KOSPI,20260907,13100,13120
003080,SB성보,KOSPI,20260907,2240,2250
003090,대웅,KOSPI,20260907,17030,16930
0030R0,대신밸류리츠,KOSPI,20260907,3920,3945
003120,일성아이에스,KOSPI,20260907,20550,20550
003160,디아이,KOSPI,20260907,31850,31200
003200,일신방직,KOSPI,20260907,10590,10400
003220,대원제약,KOSPI,20260907,8010,8000
003230,삼양식품,KOSPI,20260907,1388000,1330000
003240,태광산업,KOSPI,20260907,907000,912000
003280,흥아해운,KOSPI,20260907,1744,1739
003300,한일홀딩스,KOSPI,20260907,18700,18560
003350,한국화장품제조,KOSPI,20260907,12690,12990
003460,유화증권,KOSPI,20260907,3070,3070
003465,유화증권우,KOSPI,20260907,3250,3245
003470,유안타증권,KOSPI,20260907,4720,4700
003475,유안타증권우,KOSPI,20260907,4330,4335
003480,한진중공업홀딩스,KOSPI,20260907,4740,4740
003490,대한항공,KOSPI,20260907,30350,30350
003495,대한항공우,KOSPI,20260907,22150,22000
003520,영진약품,KOSPI,20260907,1128,1108
003530,한화투자증권,KOSPI,20260907,5050,4915
003535,한화투자증권우,KOSPI,20260907,6790,6730
003540,대신증권,KOSPI,20260907,26600,26650
003545,대신증권우,KOSPI,20260907,20350,20500
003547,대신증권2우B,KOSPI,20260907,19500,19720
003550,LG,KOSPI,20260907,123000,124500
003555,LG우,KOSPI,20260907,70800,71500
003570,SNT다이내믹스,KOSPI,20260907,28850,29100
003580,HLB글로벌,KOSPI,20260907,1739,1722
003610,방림,KOSPI,20260907,5480,5470
003620,KG모빌리티,KOSPI,20260907,2650,2730
003650,미창석유,KOSPI,20260907,133500,130800
003670,포스코퓨처엠,KOSPI,20260907,183900,182600
003680,한성기업,KOSPI,20260907,4830,4805
003690,코리안리,KOSPI,20260907,14500,14610
003720,삼영,KOSPI,20260907,6070,6180
003780,진양산업,KOSPI,20260907,3915,3880
003830,대한화섬,KOSPI,20260907,118900,114500
003850,보령,KOSPI,20260907,9070,8750
003920,남양유업,KOSPI,20260907,43400,43950
003925,남양유업우,KOSPI,20260907,29900,29550
003960,사조대림,KOSPI,20260907,30750,29650
004000,롯데정밀화학,KOSPI,20260907,45800,45800
004020,현대제철,KOSPI,20260907,32500,32400
004060,SG세계물산,KOSPI,20260907,2280,2290
004080,신흥,KOSPI,20260907,14020,14010
004090,한국석유,KOSPI,20260907,11400,11500
004100,태양금속,KOSPI,20260907,2700,2770
004105,태양금속우,KOSPI,20260907,3205,3375
004140,동방,KOSPI,20260907,1822,1819
004150,한솔홀딩스,KOSPI,20260907,3525,3555
004170,신세계,KOSPI,20260907,385000,396500
004250,NPC,KOSPI,20260907,3035,2980
004255,NPC우,KOSPI,20260907,1870,1886
004270,남성,KOSPI,20260907,4960,4970
004310,현대약품,KOSPI,20260907,8200,8420
004360,세방,KOSPI,20260907,13400,13500
004365,세방우,KOSPI,20260907,9370,9350
004370,농심,KOSPI,20260907,424500,415000
004380,삼익THK,KOSPI,20260907,8100,8120
004410,서울식품,KOSPI,20260907,1246,1215
004415,서울식품우,KOSPI,20260907,5300,5160
004430,송원산업,KOSPI,20260907,12000,11830
004440,삼일씨엔에스,KOSPI,20260907,5390,5360
004450,삼화왕관,KOSPI,20260907,27750,28850
004490,세방전지,KOSPI,20260907,64700,64300
004540,깨끗한나라,KOSPI,20260907,1244,1250
004545,깨끗한나라우,KOSPI,20260907,4190,4200
004560,현대비앤지스틸,KOSPI,20260907,11830,11690
004690,삼천리,KOSPI,20260907,136700,133400
004700,조광피혁,KOSPI,20260907,66200,63600
004710,한솔테크닉스,KOSPI,20260907,8570,9170
004720,팜젠사이언스,KOSPI,20260907,3085,3020
004770,써니전자,KOSPI,20260907,2155,2025
004800,효성,KOSPI,20260907,163800,169200
004830,덕성,KOSPI,20260907,3320,3365
004835,덕성우,KOSPI,20260907,4285,4290
004840,DRB동일,KOSPI,20260907,4080,4045
004870,티웨이홀딩스,KOSPI,20260907,1141,1130
004890,동일산업,KOSPI,20260907,36600,36150
004910,조광페인트,KOSPI,20260907,3530,3650
004920,씨아이테크,KOSPI,20260907,913,911
004960,한신공영,KOSPI,20260907,12290,12440
004970,신라교역,KOSPI,20260907,9190,9330
004980,성신양회,KOSPI,20260907,8410,8490
004985,성신양회우,KOSPI,20260907,8650,8640
004990,롯데지주,KOSPI,20260907,24950,24850
00499K,롯데지주우,KOSPI,20260907,25000,24600
005010,휴스틸,KOSPI,20260907,3845,3870
005030,부산주공,KOSPI,20260907,0,486
005070,코스모신소재,KOSPI,20260907,39300,38650
005090,SGC에너지,KOSPI,20260907,56100,54100
005110,한창,KOSPI,20260907,0,1254
005180,빙그레,KOSPI,20260907,88700,86100
005250,녹십자홀딩스,KOSPI,20260907,9870,9820
005257,녹십자홀딩스2우,KOSPI,20260907,17690,17700
005300,롯데칠성,KOSPI,20260907,98900,98700
005305,롯데칠성우,KOSPI,20260907,66500,66000
005320,온타이드,KOSPI,20260907,1225,1187
005360,모나미,KOSPI,20260907,1382,1354
005380,현대차,KOSPI,20260907,389500,393000
005385,현대차우,KOSPI,20260907,186200,188500
005387,현대차2우B,KOSPI,20260907,186900,187500
005389,현대차3우B,KOSPI,20260907,181800,183000
005420,코스모화학,KOSPI,20260907,10400,10360
005430,한국공항,KOSPI,20260907,79000,79900
005440,현대지에프홀딩스,KOSPI,20260907,11930,11970
005490,POSCO홀딩스,KOSPI,20260907,339000,335500
005500,삼진제약,KOSPI,20260907,18660,18780
005610,삼립,KOSPI,20260907,40350,40900
005680,삼영전자,KOSPI,20260907,12190,12190
005690,파미셀,KOSPI,20260907,10660,10740
005720,넥센,KOSPI,20260907,6020,5910
005725,넥센우,KOSPI,20260907,4335,4325
005740,크라운해태홀딩스,KOSPI,20260907,5620,5660
005745,크라운해태홀딩스우,KOSPI,20260907,5340,5330
005750,대림바스,KOSPI,20260907,4755,4690
005800,신영와코루,KOSPI,20260907,13580,13570
005810,풍산홀딩스,KOSPI,20260907,37900,37700
005820,원림,KOSPI,20260907,15210,15010
005830,DB손해보험,KOSPI,20260907,197300,192400
005850,에스엘,KOSPI,20260907,51900,51900
005870,휴니드,KOSPI,20260907,4375,4445
005880,대한해운,KOSPI,20260907,2120,2115
005930,삼성전자,KOSPI,20260907,267000,270000
005935,삼성전자우,KOSPI,20260907,197000,199600
005940,NH투자증권,KOSPI,20260907,26800,26900
005945,NH투자증권우,KOSPI,20260907,23550,23400
005950,이수화학,KOSPI,20260907,11930,11720
005960,동부건설,KOSPI,20260907,7520,7680
005965,동부건설우,KOSPI,20260907,17020,17180
006040,동원산업,KOSPI,20260907,38100,37800
006060,화승인더,KOSPI,20260907,2450,2440
006090,사조오양,KOSPI,20260907,8910,8860
006110,삼아알미늄,KOSPI,20260907,68200,66900
006120,SK디스커버리,KOSPI,20260907,54500,56400
006125,SK디스커버리우,KOSPI,20260907,41500,42000
006200,한국전자홀딩스,KOSPI,20260907,1791,1779
006220,제주은행,KOSPI,20260907,10070,10010
006260,LS,KOSPI,20260907,307000,316500
006280,녹십자,KOSPI,20260907,128800,127300
006340,대원전선,KOSPI,20260907,13200,13290
006345,대원전선우,KOSPI,20260907,9820,9910
006360,GS건설,KOSPI,20260907,34300,35200
006370,대구백화점,KOSPI,20260907,3570,3440
006380,카프로,KOSPI,20260907,0,3660
006400,삼성SDI,KOSPI,20260907,554000,541000
006405,삼성SDI우,KOSPI,20260907,222500,219500
006490,프리티,KOSPI,20260907,0,898
006570,대림통상,KOSPI,20260907,1922,1900
006650,대한유화,KOSPI,20260907,98200,97500
006660,삼성공조,KOSPI,20260907,12410,12640
006740,블루산업개발,KOSPI,20260907,5340,5230
006800,미래에셋증권,KOSPI,20260907,34750,34700
006805,미래에셋증권우,KOSPI,20260907,11990,12070
00680K,미래에셋증권2우B,KOSPI,20260907,10930,11060
006840,AK홀딩스,KOSPI,20260907,7710,7580
006880,신송홀딩스,KOSPI,20260907,4350,4290
006890,태경케미컬,KOSPI,20260907,5100,5150
006980,우성,KOSPI,20260907,18000,18270
007070,GS리테일,KOSPI,20260907,25550,25100
007110,일신석재,KOSPI,20260907,0,603
007120,미래아이앤지,KOSPI,20260907,1182,1171
007160,사조산업,KOSPI,20260907,50300,50500
007210,벽산,KOSPI,20260907,1430,1453
007280,한국특강,KOSPI,20260907,2350,2320
007310,오뚜기,KOSPI,20260907,336000,332000
007340,DN오토모티브,KOSPI,20260907,45850,45500
007460,에이프로젠,KOSPI,20260907,2160,2120
007540,샘표,KOSPI,20260907,43000,43000
007570,일양약품,KOSPI,20260907,8370,8330
007575,일양약품우,KOSPI,20260907,7630,7720
007590,동방아그로,KOSPI,20260907,5590,5590
007610,선도전기,KOSPI,20260907,3970,3935
007660,이수페타시스,KOSPI,20260907,115100,111900
007690,국도화학,KOSPI,20260907,39950,38500
007700,F&F홀딩스,KOSPI,20260907,14120,14090
007810,코리아써키트,KOSPI,20260907,53000,52200
007815,코리아써우,KOSPI,20260907,18450,18450
00781K,코리아써키트2우B,KOSPI,20260907,13910,13900
007860,서연,KOSPI,20260907,7880,7750
007980,TP,KOSPI,20260907,1731,1720
008040,사조동아원,KOSPI,20260907,8550,8700
008060,대덕,KOSPI,20260907,14850,14760
00806K,대덕1우,KOSPI,20260907,10760,10760
008250,이건산업,KOSPI,20260907,3100,3190
008260,NI스틸,KOSPI,20260907,3420,3405
008350,남선알미늄,KOSPI,20260907,1056,1057
008355,남선알미우,KOSPI,20260907,7480,7410
008420,문배철강,KOSPI,20260907,2240,2240
008490,서흥,KOSPI,20260907,21400,21300
008600,윌비스,KOSPI,20260907,0,2620
008700,아남전자,KOSPI,20260907,1273,1286
008730,율촌화학,KOSPI,20260907,16440,16110
008770,호텔신라,KOSPI,20260907,42450,42650
008775,호텔신라우,KOSPI,20260907,29200,29150
008870,금비,KOSPI,20260907,40100,40250
008930,한미사이언스,KOSPI,20260907,52500,54200
008970,KBI동양철관,KOSPI,20260907,1138,1143
009070,KCTC,KOSPI,20260907,4140,4115
009140,경인전자,KOSPI,20260907,22450,22650
009150,삼성전기,KOSPI,20260907,1450000,1454000
009155,삼성전기우,KOSPI,20260907,512000,517000
009160,SIMPAC,KOSPI,20260907,4960,4850
009180,한솔로지스틱스,KOSPI,20260907,2805,2780
009190,대양금속,KOSPI,20260907,1314,1294
009200,무림페이퍼,KOSPI,20260907,1515,1504
009240,한샘,KOSPI,20260907,37950,38200
009270,신원,KOSPI,20260907,1163,1130
009290,광동제약,KOSPI,20260907,6300,6280
009310,참엔지니어링,KOSPI,20260907,0,5330
009320,아진전자부품,KOSPI,20260907,945,949
009410,태영건설,KOSPI,20260907,1700,1699
009415,태영건설우,KOSPI,20260907,6360,6340
009420,한올바이오파마,KOSPI,20260907,54500,55500
009440,KC그린홀딩스,KOSPI,20260907,0,756
009450,경동나비엔,KOSPI,20260907,61000,61300
009460,한창제지,KOSPI,20260907,2700,2750
009470,삼화전기,KOSPI,20260907,23300,23050
009540,HD한국조선해양,KOSPI,20260907,350000,351500
009580,무림P&P,KOSPI,20260907,1657,1605
009680,모토닉,KOSPI,20260907,10380,10410
009770,삼정펄프,KOSPI,20260907,28300,28000
009810,MDS스피어,KOSPI,20260907,1898,1899
009830,한화솔루션,KOSPI,20260907,30400,29650
009835,한화솔루션우,KOSPI,20260907,17190,17110
009900,명신산업,KOSPI,20260907,8410,8610
009970,영원무역홀딩스,KOSPI,20260907,175600,170700
010040,한국내화,KOSPI,20260907,1625,1631
010060,OCI홀딩스,KOSPI,20260907,231500,222000
010100,한국무브넥스,KOSPI,20260907,3590,3560
010120,LS ELECTRIC,KOSPI,20260907,201000,207000
010130,고려아연,KOSPI,20260907,1235000,1224000
010140,삼성중공업,KOSPI,20260907,21400,21400
010400,우진아이엔에스,KOSPI,20260907,4490,4260
010580,에스엠벡셀,KOSPI,20260907,1705,1696
010640,진양폴리,KOSPI,20260907,2120,2010
010660,화천기계,KOSPI,20260907,3070,3115
010690,화신,KOSPI,20260907,7850,7800
010770,평화홀딩스,KOSPI,20260907,3530,3515
010780,아이에스동서,KOSPI,20260907,15680,15710
010820,퍼스텍,KOSPI,20260907,5750,5900
010950,S-Oil,KOSPI,20260907,157000,157600
010955,S-Oil우,KOSPI,20260907,71800,72400
010960,삼호개발,KOSPI,20260907,3165,3095
011000,진원생명과학,KOSPI,20260907,0,2670
011070,LG이노텍,KOSPI,20260907,575000,586000
011090,에넥스,KOSPI,20260907,1290,1305
011150,CJ씨푸드,KOSPI,20260907,1994,2020
011155,CJ씨푸드1우,KOSPI,20260907,6530,6440
011170,롯데케미칼,KOSPI,20260907,60000,58800
011200,HMM,KOSPI,20260907,21300,21450
011210,현대위아,KOSPI,20260907,58000,58500
011230,삼화전자,KOSPI,20260907,2600,2580
011280,태림포장,KOSPI,20260907,1642,1609
011300,우성머티리얼스,KOSPI,20260907,2375,2435
011330,유니켐,KOSPI,20260907,4430,4360
011390,부산산업,KOSPI,20260907,53300,53000
011420,갤럭시아에스엠,KOSPI,20260907,1507,1474
011500,한농화성,KOSPI,20260907,13520,13300
011690,와이투솔루션,KOSPI,20260907,3255,3220
011700,한신기계,KOSPI,20260907,2360,2375
011760,현대코퍼레이션,KOSPI,20260907,26000,25950
011780,금호석유화학,KOSPI,20260907,126200,126000
011785,금호석유화학우,KOSPI,20260907,51900,52100
011790,SKC,KOSPI,20260907,86800,88000
011810,STX,KOSPI,20260907,0,3530
011930,신성이엔지,KOSPI,20260907,16480,16240
012030,DB,KOSPI,20260907,1519,1672
0120G0,삼양바이오팜,KOSPI,20260907,50100,50200
012160,영흥,KOSPI,20260907,2350,2400
012170,아센디오,KOSPI,20260907,2845,3010
012200,계양전기,KOSPI,20260907,3620,3670
012205,계양전기우,KOSPI,20260907,5170,5100
012280,영화금속,KOSPI,20260907,4015,3950
012320,경동인베스트,KOSPI,20260907,47150,47800
012330,현대모비스,KOSPI,20260907,428500,432000
012450,한화에어로스페이스,KOSPI,20260907,1078000,1039000
012610,경인양행,KOSPI,20260907,3170,3145
012630,HDC,KOSPI,20260907,22550,23000
012690,모나리자,KOSPI,20260907,1515,1492
0126Z0,삼성에피스홀딩스,KOSPI,20260907,359500,360000
012750,에스원,KOSPI,20260907,80200,79100
012800,대창,KOSPI,20260907,1180,1169
013000,세우글로벌,KOSPI,20260907,1220,1210
013360,일성건설,KOSPI,20260907,1538,1503
013520,화승코퍼레이션,KOSPI,20260907,2570,2595
013570,디와이,KOSPI,20260907,4480,4390
013580,계룡건설,KOSPI,20260907,22100,22000
013700,까뮤이앤씨,KOSPI,20260907,1679,1662
013870,지엠비코리아,KOSPI,20260907,3845,3875
013890,지누스,KOSPI,20260907,7730,7800
014130,한익스프레스,KOSPI,20260907,2410,2430
014160,대영포장,KOSPI,20260907,679,692
014280,금강공업,KOSPI,20260907,4295,4270
014285,금강공업우,KOSPI,20260907,5390,5270
014440,영보화학,KOSPI,20260907,4795,4785
014530,극동유화,KOSPI,20260907,3250,3240
014580,태경비케이,KOSPI,20260907,3850,3810
014680,한솔케미칼,KOSPI,20260907,198500,202000
014710,사조씨푸드,KOSPI,20260907,10450,10900
014790,HL D&I,KOSPI,20260907,2555,2560
014820,동원시스템즈,KOSPI,20260907,22050,21800
014825,동원시스템즈우,KOSPI,20260907,14300,14520
014830,유니드,KOSPI,20260907,65000,64600
014910,성문전자,KOSPI,20260907,2160,2115
014915,성문전자우,KOSPI,20260907,4725,4765
014990,인디에프,KOSPI,20260907,4240,4415
015020,이스타코,KOSPI,20260907,0,928
015230,대창단조,KOSPI,20260907,6530,6570
015260,에이엔피,KOSPI,20260907,272,352
015360,INVENI,KOSPI,20260907,14280,14160
015590,DKME,KOSPI,20260907,1493,1552
015760,한국전력,KOSPI,20260907,32350,32750
015860,일진홀딩스,KOSPI,20260907,6550,6670
015890,태경산업,KOSPI,20260907,4795,4775
016090,대현,KOSPI,20260907,1440,1450
016360,삼성증권,KOSPI,20260907,87600,87700
016380,KG스틸,KOSPI,20260907,5580,5650
016450,한세예스24홀딩스,KOSPI,20260907,4465,4435
016580,환인제약,KOSPI,20260907,10350,10380
016590,신대양제지,KOSPI,20260907,10500,10410
016610,DB증권,KOSPI,20260907,10030,9980
016710,대성홀딩스,KOSPI,20260907,6940,6900
016740,두올,KOSPI,20260907,3755,3710
016800,퍼시스,KOSPI,20260907,27100,27150
016880,웅진,KOSPI,20260907,1979,2025
017040,광명전기,KOSPI,20260907,0,932
017180,명문제약,KOSPI,20260907,1250,1245
017370,우신시스템,KOSPI,20260907,3650,3500
017390,서울가스,KOSPI,20260907,55800,55900
017550,수산세보틱스,KOSPI,20260907,1885,1875
017670,SK텔레콤,KOSPI,20260907,93100,93800
017800,현대엘리베이터,KOSPI,20260907,75200,75500
017810,풀무원,KOSPI,20260907,9540,9420
017860,DS단석,KOSPI,20260907,11750,11940
017900,광전자,KOSPI,20260907,7290,7090
017940,E1,KOSPI,20260907,97600,97500
017960,한국카본,KOSPI,20260907,22650,22600
018250,애경산업,KOSPI,20260907,11740,11660
018260,삼성에스디에스,KOSPI,20260907,239500,242500
018470,조일알미늄,KOSPI,20260907,0,973
018500,동원모빌리티,KOSPI,20260907,1440,1422
018670,SK가스,KOSPI,20260907,239000,239500
018880,한온시스템,KOSPI,20260907,3565,3555
019170,신풍제약,KOSPI,20260907,9890,9820
019175,신풍제약우,KOSPI,20260907,15040,14520
019180,티에이치엔,KOSPI,20260907,5230,5260
019490,엑시큐어하이트론,KOSPI,20260907,0,541
019680,대교,KOSPI,20260907,0,1000
019685,대교우B,KOSPI,20260907,0,598
020000,한섬,KOSPI,20260907,15690,15500
020120,키다리스튜디오,KOSPI,20260907,7040,7030
020150,롯데에너지머티리얼즈,KOSPI,20260907,36900,37850
020560,아시아나항공,KOSPI,20260907,8080,8110
020760,일진디스플,KOSPI,20260907,0,902
021050,서원,KOSPI,20260907,1111,1123
021240,코웨이,KOSPI,20260907,99900,97700
021820,세원정공,KOSPI,20260907,10740,10630
0220W0,한화머시너리앤서비스홀딩스,KOSPI,20260907,6680,6700
0220WL,한화머시너리앤서비스홀딩스3우B,KOSPI,20260907,2780,2765
022100,포스코DX,KOSPI,20260907,21750,22050
023000,삼원강재,KOSPI,20260907,2215,2190
023150,MH에탄올,KOSPI,20260907,4105,4095
023350,한국종합기술,KOSPI,20260907,4200,4100
023450,동남합성,KOSPI,20260907,31600,31700
023530,롯데쇼핑,KOSPI,20260907,107500,112300
023590,다우기술,KOSPI,20260907,38900,37950
023800,인지컨트롤스,KOSPI,20260907,5390,5310
023810,인팩,KOSPI,20260907,5180,5090
023960,에쓰씨엔지니어링,KOSPI,20260907,1054,1045
024070,WISCOM,KOSPI,20260907,1937,1896
024090,디씨엠,KOSPI,20260907,11720,11640
024110,기업은행,KOSPI,20260907,20800,20900
024720,콜마홀딩스,KOSPI,20260907,10040,9720
024890,대원화성,KOSPI,20260907,1747,1773
024900,디와이덕양,KOSPI,20260907,1697,1695
025000,KPX케미칼,KOSPI,20260907,54400,54300
025530,SJM홀딩스,KOSPI,20260907,3655,3610
025540,한국단자,KOSPI,20260907,56400,56900
025560,미래산업,KOSPI,20260907,6390,6200
025620,차AI헬스케어,KOSPI,20260907,4800,4660
025750,한솔홈데코,KOSPI,20260907,1914,1910
025820,이구산업,KOSPI,20260907,4325,4265
025860,남해화학,KOSPI,20260907,6360,6250
025890,한국주강,KOSPI,20260907,2570,2565
026890,스틱인베스트먼트,KOSPI,20260907,8270,8440
026940,부국철강,KOSPI,20260907,2225,2240
026960,동서,KOSPI,20260907,25600,25500
027410,BGF,KOSPI,20260907,3895,3865
027740,마니커,KOSPI,20260907,1536,1518
027970,한국제지,KOSPI,20260907,2740,2755
028050,삼성E&A,KOSPI,20260907,45900,48000
028100,동아지질,KOSPI,20260907,17720,17920
028260,삼성물산,KOSPI,20260907,378000,384000
02826K,삼성물산우B,KOSPI,20260907,235500,233000
028670,팬오션,KOSPI,20260907,6100,6060
029460,케이씨,KOSPI,20260907,38700,38750
029530,신도리코,KOSPI,20260907,40000,40200
029780,삼성카드,KOSPI,20260907,46300,46650
030000,제일기획,KOSPI,20260907,19000,19000
030190,NICE평가정보,KOSPI,20260907,16250,16320
030200,KT,KOSPI,20260907,54500,54900
030210,다올투자증권,KOSPI,20260907,3920,3895
030610,교보증권,KOSPI,20260907,10090,10310
030720,동원수산,KOSPI,20260907,5450,5340
031210,서울보증보험,KOSPI,20260907,43650,43700
031430,신세계인터내셔날,KOSPI,20260907,10430,10410
031820,아이티센씨티에스,KOSPI,20260907,5840,5740
032350,롯데관광개발,KOSPI,20260907,12610,12350
032560,황금에스티,KOSPI,20260907,5700,5660
032640,LG유플러스,KOSPI,20260907,14900,15090
032830,삼성생명,KOSPI,20260907,307500,312000
033240,자화전자,KOSPI,20260907,30900,29900
033250,체시스,KOSPI,20260907,4780,4390
033270,유나이티드제약,KOSPI,20260907,18420,18230
033530,SJG세종,KOSPI,20260907,7000,6890
033780,KT&G,KOSPI,20260907,174000,170300
033920,무학,KOSPI,20260907,7760,7730
034020,두산에너빌리티,KOSPI,20260907,80200,87900
034120,SBS,KOSPI,20260907,12150,12120
034220,LG디스플레이,KOSPI,20260907,9280,9210
034230,파라다이스,KOSPI,20260907,10190,10030
034310,NICE,KOSPI,20260907,12660,12540
034590,인천도시가스,KOSPI,20260907,26450,26650
034730,SK,KOSPI,20260907,595000,611000
03473K,SK우,KOSPI,20260907,414000,437500
034830,한국토지신탁,KOSPI,20260907,1177,1194
035000,HS애드,KOSPI,20260907,6580,6560
035150,백산,KOSPI,20260907,11380,10920
035250,강원랜드,KOSPI,20260907,14870,14790
035420,NAVER,KOSPI,20260907,216000,218000
035510,신세계 I&C,KOSPI,20260907,14000,13890
035720,카카오,KOSPI,20260907,36550,36550
036420,콘텐트리중앙,KOSPI,20260907,1557,1560
036460,한국가스공사,KOSPI,20260907,35150,35100
036530,SNT홀딩스,KOSPI,20260907,45850,47050
036570,NC,KOSPI,20260907,224000,223000
036580,팜스코,KOSPI,20260907,2620,2715
037270,YG PLUS,KOSPI,20260907,3160,3175
037560,LG헬로비전,KOSPI,20260907,1649,1654
037710,광주신세계,KOSPI,20260907,35700,35700
039130,하나투어,KOSPI,20260907,32700,32800
039490,키움증권,KOSPI,20260907,273500,272500
039570,HDC랩스,KOSPI,20260907,7560,7560
041650,상신브레이크,KOSPI,20260907,2200,2205
042660,한화오션,KOSPI,20260907,87100,87300
042700,한미반도체,KOSPI,20260907,241500,240500
044380,주연테크,KOSPI,20260907,1009,931
044450,KSS해운,KOSPI,20260907,10360,10190
044820,코스맥스비티아이,KOSPI,20260907,25050,23400
047040,대우건설,KOSPI,20260907,16870,18410
047050,포스코인터내셔널,KOSPI,20260907,56200,54700
047400,유니온머티리얼,KOSPI,20260907,925,919
047810,한국항공우주,KOSPI,20260907,127500,129400
049800,우진플라임,KOSPI,20260907,1911,1850
051600,한전KPS,KOSPI,20260907,45850,47350
051630,진양화학,KOSPI,20260907,1480,1398
051900,LG생활건강,KOSPI,20260907,295000,293000
051905,LG생활건강우,KOSPI,20260907,105500,104900
051910,LG화학,KOSPI,20260907,285000,279500
051915,LG화학우,KOSPI,20260907,128800,127400
052690,한전기술,KOSPI,20260907,107900,122300
053210,스카이라이프,KOSPI,20260907,4100,4105
053690,한미글로벌,KOSPI,20260907,22800,24200
055490,테이팩스,KOSPI,20260907,17590,16900
055550,신한지주,KOSPI,20260907,114300,113900
058430,포스코스틸리온,KOSPI,20260907,4680,4755
058650,세아홀딩스,KOSPI,20260907,139900,130800
058730,다스코,KOSPI,20260907,3775,3685
058850,KTcs,KOSPI,20260907,2190,2185
058860,KTis,KOSPI,20260907,2585,2575
060980,HL홀딩스,KOSPI,20260907,40050,40350
062040,산일전기,KOSPI,20260907,195900,198900
063160,종근당바이오,KOSPI,20260907,13500,13570
064350,현대로템,KOSPI,20260907,129100,127200
064400,LG씨엔에스,KOSPI,20260907,75500,76300
064960,SNT모티브,KOSPI,20260907,26450,26800
066570,LG전자,KOSPI,20260907,212500,214000
066575,LG전자우,KOSPI,20260907,77200,78300
066970,엘앤에프,KOSPI,20260907,121800,114500
067830,세이브존I&C,KOSPI,20260907,2400,2400
068270,셀트리온,KOSPI,20260907,188900,186300
068290,삼성출판사,KOSPI,20260907,6250,6300
069260,TKG휴켐스,KOSPI,20260907,16320,16460
069460,대호에이엘,KOSPI,20260907,0,2660
069620,대웅제약,KOSPI,20260907,118100,116600
069640,한세엠케이,KOSPI,20260907,1398,1410
069730,DSR제강,KOSPI,20260907,5580,5390
069960,현대백화점,KOSPI,20260907,97000,97700
070960,모나용평,KOSPI,20260907,2035,2010
071050,한국금융지주,KOSPI,20260907,191200,190900
071055,한국금융지주우,KOSPI,20260907,146900,149700
071090,하이스틸,KOSPI,20260907,3125,3155
071320,지역난방공사,KOSPI,20260907,75200,75700
071840,롯데하이마트,KOSPI,20260907,6380,6310
071950,코아스,KOSPI,20260907,1816,1849
071970,HD현대마린엔진,KOSPI,20260907,50400,51200
072130,유엔젤,KOSPI,20260907,4735,4820
072710,농심홀딩스,KOSPI,20260907,94100,93500
073240,금호타이어,KOSPI,20260907,7230,7350
074610,이엔플러스,KOSPI,20260907,0,5110
075180,새론오토모티브,KOSPI,20260907,2920,2960
075580,세진중공업,KOSPI,20260907,10270,10360
077500,유니퀘스트,KOSPI,20260907,7500,7170
077970,STX엔진,KOSPI,20260907,23700,23850
078000,텔코웨어,KOSPI,20260907,13260,13410
078520,에이블씨엔씨,KOSPI,20260907,11300,10870
078930,GS,KOSPI,20260907,125000,125600
078935,GS우,KOSPI,20260907,62800,62700
079160,CJ CGV,KOSPI,20260907,5400,5400
079430,현대리바트,KOSPI,20260907,5980,6020
079550,LIG디펜스앤에어로스페이스,KOSPI,20260907,671000,659000
079900,전진건설로봇,KOSPI,20260907,41150,41500
079980,휴비스,KOSPI,20260907,1981,1963
081000,일진다이아,KOSPI,20260907,9660,9730
081660,미스토홀딩스,KOSPI,20260907,42150,40600
082740,한화엔진,KOSPI,20260907,45850,45900
083420,그린케미칼,KOSPI,20260907,4865,4770
084010,대한제강,KOSPI,20260907,8670,8550
084670,동양고속,KOSPI,20260907,23800,23950
084680,이월드,KOSPI,20260907,531,521
084690,대상홀딩스,KOSPI,20260907,7810,8030
084695,대상홀딩스우,KOSPI,20260907,12290,12440
084870,TBH글로벌,KOSPI,20260907,2185,2210
085310,엔케이,KOSPI,20260907,9110,9130
085620,미래에셋생명,KOSPI,20260907,19950,19860
086280,현대글로비스,KOSPI,20260907,208500,210000
086790,하나금융지주,KOSPI,20260907,137100,138900
088260,이리츠코크렙,KOSPI,20260907,3195,3190
088350,한화생명,KOSPI,20260907,5810,5890
088790,진도,KOSPI,20260907,2400,2360
088980,맥쿼리인프라,KOSPI,20260907,9920,9910
089470,HDC현대EP,KOSPI,20260907,3955,3895
089590,제주항공,KOSPI,20260907,4720,4625
089860,롯데렌탈,KOSPI,20260907,50200,50300
090080,평화산업,KOSPI,20260907,984,984
090350,노루페인트,KOSPI,20260907,7980,8030
090355,노루페인트우,KOSPI,20260907,11600,11930
090370,메타랩스,KOSPI,20260907,1163,1212
090430,아모레퍼시픽,KOSPI,20260907,143100,140800
090435,아모레퍼시픽우,KOSPI,20260907,45600,44900
090460,비에이치,KOSPI,20260907,22850,21400
091810,트리니티항공,KOSPI,20260907,2850,2770
092200,디아이씨,KOSPI,20260907,5930,5810
092220,KEC,KOSPI,20260907,2610,2625
092230,KPX홀딩스,KOSPI,20260907,99200,98000
092440,기신정기,KOSPI,20260907,2050,1987
092780,DYP,KOSPI,20260907,3340,3290
092790,넥스틸,KOSPI,20260907,13170,13240
093050,LF,KOSPI,20260907,22350,22450
093240,형지엘리트,KOSPI,20260907,374,373
093370,후성,KOSPI,20260907,12670,12900
094280,효성ITX,KOSPI,20260907,12030,12080
094800,맵스리얼티,KOSPI,20260907,7190,7200
095570,AJ네트웍스,KOSPI,20260907,4250,4170
095720,웅진씽크빅,KOSPI,20260907,1274,1317
096760,JW홀딩스,KOSPI,20260907,4180,4180
096770,SK이노베이션,KOSPI,20260907,138400,137900
096775,SK이노베이션우,KOSPI,20260907,69000,68700
097230,HJ중공업,KOSPI,20260907,16150,15850
097520,엠씨넥스,KOSPI,20260907,19120,19050
097950,CJ제일제당,KOSPI,20260907,184300,182800
097955,CJ제일제당 우,KOSPI,20260907,121300,121400
100090,SK오션플랜트,KOSPI,20260907,13860,13190
100220,비상교육,KOSPI,20260907,4960,4905
100250,진양홀딩스,KOSPI,20260907,3170,3175
100840,SNT에너지,KOSPI,20260907,33300,37600
101140,인바이오젠,KOSPI,20260907,5670,5350
101530,해태제과식품,KOSPI,20260907,5600,5570
102260,동성케미컬,KOSPI,20260907,3760,3710
102460,이연제약,KOSPI,20260907,9970,9940
103140,풍산,KOSPI,20260907,79100,76500
103590,일진전기,KOSPI,20260907,69800,70600
104700,한국철강,KOSPI,20260907,9720,9550
105560,KB금융,KOSPI,20260907,173700,175900
105630,한세실업,KOSPI,20260907,9190,9140
105840,우진,KOSPI,20260907,12910,13770
107590,미원홀딩스,KOSPI,20260907,63500,64000
108320,LX세미콘,KOSPI,20260907,36350,36550
108670,LX하우시스,KOSPI,20260907,35650,35350
108675,LX하우시스우,KOSPI,20260907,19100,19060
109070,주성코퍼레이션,KOSPI,20260907,0,1550
111110,호전실업,KOSPI,20260907,6420,6420
111380,동인기연,KOSPI,20260907,13440,13200
111770,영원무역,KOSPI,20260907,75800,75100
112610,씨에스윈드,KOSPI,20260907,47400,49000
114090,GKL,KOSPI,20260907,9570,9420
117580,대성에너지,KOSPI,20260907,6990,7110
118000,메타케어,KOSPI,20260907,1302,1322
119650,KC코트렐,KOSPI,20260907,0,918
120030,조선선재,KOSPI,20260907,83800,83900
120110,코오롱인더,KOSPI,20260907,56300,55200
120115,코오롱인더우,KOSPI,20260907,25100,25050
122900,아이마켓코리아,KOSPI,20260907,8110,8170
123690,한국화장품,KOSPI,20260907,6340,6390
123700,SJM,KOSPI,20260907,3405,3440
123890,한국자산신탁,KOSPI,20260907,2615,2565
126560,현대퓨처넷,KOSPI,20260907,3380,3390
126720,수산인더스트리,KOSPI,20260907,21400,21600
128820,대성산업,KOSPI,20260907,4150,4160
128940,한미약품,KOSPI,20260907,470500,475500
129260,인터지스,KOSPI,20260907,1914,1914
130660,한전산업,KOSPI,20260907,12050,12730
133820,화인베스틸,KOSPI,20260907,1018,1000
134380,미원화학,KOSPI,20260907,10290,10290
134790,시디즈,KOSPI,20260907,19720,19310
136490,선진,KOSPI,20260907,11100,11260
137310,에스디바이오센서,KOSPI,20260907,6210,6170
138040,메리츠금융지주,KOSPI,20260907,137000,133700
138930,BNK금융지주,KOSPI,20260907,15580,15800
139130,iM금융지주,KOSPI,20260907,18220,18650
139480,이마트,KOSPI,20260907,73600,74200
139990,아주스틸,KOSPI,20260907,2240,2190
143210,핸즈코퍼레이션,KOSPI,20260907,0,1199
145210,다이나믹디자인,KOSPI,20260907,0,2240
145270,케이탑리츠,KOSPI,20260907,781,792
145720,덴티움,KOSPI,20260907,38100,38050
145990,삼양사,KOSPI,20260907,46800,47050
145995,삼양사우,KOSPI,20260907,33200,33200
155660,DSR,KOSPI,20260907,4470,4380
161000,애경케미칼,KOSPI,20260907,10720,10550
161390,한국타이어앤테크놀로지,KOSPI,20260907,65500,65400
161890,한국콜마,KOSPI,20260907,145400,144300
163560,동일고무벨트,KOSPI,20260907,5740,5640
170900,동아에스티,KOSPI,20260907,36650,36700
175330,JB금융지주,KOSPI,20260907,31450,31400
178920,PI첨단소재,KOSPI,20260907,19270,19340
180640,한진칼,KOSPI,20260907,144700,148900
18064K,한진칼우,KOSPI,20260907,32250,32350
181710,NHN,KOSPI,20260907,71200,70800
183190,아세아시멘트,KOSPI,20260907,10950,10920
185750,종근당,KOSPI,20260907,68100,68400
192080,더블유게임즈,KOSPI,20260907,57400,56300
192400,쿠쿠홀딩스,KOSPI,20260907,27850,27650
192650,드림텍,KOSPI,20260907,6420,6450
192820,코스맥스,KOSPI,20260907,276000,274000
194370,제이에스코퍼레이션,KOSPI,20260907,13100,12690
195870,해성디에스,KOSPI,20260907,51200,50800
200880,서연이화,KOSPI,20260907,11590,11550
204320,HL만도,KOSPI,20260907,49200,50200
207940,삼성바이오로직스,KOSPI,20260907,1455000,1466000
210540,디와이파워,KOSPI,20260907,11700,11590
210980,SK디앤디,KOSPI,20260907,4155,3985
213500,한솔제지,KOSPI,20260907,7540,7550
214320,이노션,KOSPI,20260907,18800,18710
214330,금호에이치티,KOSPI,20260907,5920,7130
214390,경보제약,KOSPI,20260907,5350,5510
214420,토니모리,KOSPI,20260907,5290,5250
217590,티엠씨,KOSPI,20260907,10540,10740
226320,잇츠한불,KOSPI,20260907,10590,10400
227840,현대코퍼레이션홀딩스,KOSPI,20260907,13280,13150
229640,LS에코에너지,KOSPI,20260907,46350,47650
234080,JW생명과학,KOSPI,20260907,11260,11110
241560,두산밥캣,KOSPI,20260907,63600,63700
241590,화승엔터프라이즈,KOSPI,20260907,2950,2875
244920,에이플러스에셋,KOSPI,20260907,13960,13990
248070,솔루엠,KOSPI,20260907,12920,12890
248170,샘표식품,KOSPI,20260907,23200,22950
249420,일동제약,KOSPI,20260907,14910,15040
251270,넷마블,KOSPI,20260907,36550,36300
259960,크래프톤,KOSPI,20260907,216500,218000
264900,크라운제과,KOSPI,20260907,8150,8090
26490K,크라운제과우,KOSPI,20260907,7610,7610
267250,HD현대,KOSPI,20260907,243500,243500
267260,HD현대일렉트릭,KOSPI,20260907,728000,763000
267270,HD건설기계,KOSPI,20260907,139900,140000
267290,경동도시가스,KOSPI,20260907,22000,22100
267850,아시아나IDT,KOSPI,20260907,9290,9270
268280,미원에스씨,KOSPI,20260907,132500,133100
271560,오리온,KOSPI,20260907,126400,123000
271940,일진하이솔루스,KOSPI,20260907,11850,11490
271980,제일약품,KOSPI,20260907,10460,10500
272210,한화시스템,KOSPI,20260907,69900,70600
272450,진에어,KOSPI,20260907,6170,6180
272550,삼양패키징,KOSPI,20260907,9880,9850
278470,에이피알,KOSPI,20260907,396000,384000
279570,케이뱅크,KOSPI,20260907,5600,5740
280360,롯데웰푸드,KOSPI,20260907,143600,138600
281820,케이씨텍,KOSPI,20260907,70500,69800
282330,BGF리테일,KOSPI,20260907,147600,150200
284740,쿠쿠홈시스,KOSPI,20260907,23600,23550
285130,SK케미칼,KOSPI,20260907,55200,54800
28513K,SK케미칼우,KOSPI,20260907,24500,24450
286940,롯데이노베이트,KOSPI,20260907,18810,18790
293480,하나제약,KOSPI,20260907,8530,8500
293940,신한알파리츠,KOSPI,20260907,5350,5340
294870,IPARK현대산업개발,KOSPI,20260907,23300,23150
298000,효성화학,KOSPI,20260907,56600,57000
298020,효성티앤씨,KOSPI,20260907,349500,348000
298040,효성중공업,KOSPI,20260907,2795000,2965000
298050,HS효성첨단소재,KOSPI,20260907,176100,172000
298690,에어부산,KOSPI,20260907,1532,1566
300720,한일시멘트,KOSPI,20260907,16620,16770
302440,SK바이오사이언스,KOSPI,20260907,38150,37600
306200,세아제강,KOSPI,20260907,144700,145000
307950,현대오토에버,KOSPI,20260907,401000,402000
308170,씨티알모빌리티,KOSPI,20260907,3630,3525
316140,우리금융지주,KOSPI,20260907,33650,34200
317400,자이에스앤디,KOSPI,20260907,11230,10620
317450,명인제약,KOSPI,20260907,44800,44550
322000,HD현대에너지솔루션,KOSPI,20260907,138900,137500
323410,카카오뱅크,KOSPI,20260907,22150,22050
326030,SK바이오팜,KOSPI,20260907,86200,85000
329180,HD현대중공업,KOSPI,20260907,441500,449000
330590,롯데리츠,KOSPI,20260907,3900,3885
334890,이지스밸류플러스리츠,KOSPI,20260907,3625,3585
336260,두산퓨얼셀,KOSPI,20260907,45650,49900
33626K,두산퓨얼셀1우,KOSPI,20260907,6300,6550
33626L,두산퓨얼셀2우B,KOSPI,20260907,7770,7760
336370,솔루스첨단소재,KOSPI,20260907,7650,7260
33637K,솔루스첨단소재1우,KOSPI,20260907,1445,1445
33637L,솔루스첨단소재2우B,KOSPI,20260907,2250,2300
338100,NH프라임리츠,KOSPI,20260907,3850,3815
339770,교촌에프앤비,KOSPI,20260907,3805,3800
344820,KCC글라스,KOSPI,20260907,25300,24950
348950,제이알글로벌리츠,KOSPI,20260907,0,1182
350520,이지스레지던스리츠,KOSPI,20260907,3405,3400
352820,하이브,KOSPI,20260907,179600,180800
353200,대덕전자,KOSPI,20260907,102900,103600
35320K,대덕전자1우,KOSPI,20260907,21250,21650
357120,코람코라이프인프라리츠,KOSPI,20260907,4075,4080
357250,미래에셋맵스리츠,KOSPI,20260907,1910,1908
357430,마스턴프리미어리츠,KOSPI,20260907,967,980
361610,SK아이이테크놀로지,KOSPI,20260907,16310,16390
363280,티와이홀딩스,KOSPI,20260907,2025,2025
36328K,티와이홀딩스우,KOSPI,20260907,2725,2805
365550,ESR켄달스퀘어리츠,KOSPI,20260907,3080,3060
372910,한컴라이프케어,KOSPI,20260907,1884,1860
373220,LG에너지솔루션,KOSPI,20260907,360500,362500
375500,DL이앤씨,KOSPI,20260907,74100,78000
37550K,DL이앤씨우,KOSPI,20260907,25000,25300
37550L,DL이앤씨2우(전환),KOSPI,20260907,48300,50000
377190,디앤디플랫폼리츠,KOSPI,20260907,2215,2185
377300,카카오페이,KOSPI,20260907,47050,46750
377740,바이오노트,KOSPI,20260907,4790,4780
378850,화승알앤에이,KOSPI,20260907,2990,2995
381970,케이카,KOSPI,20260907,6320,6290
383220,F&F,KOSPI,20260907,66900,65600
383800,LX홀딩스,KOSPI,20260907,8160,8260
38380K,LX홀딩스1우,KOSPI,20260907,7550,7550
395400,SK리츠,KOSPI,20260907,5380,5200
396690,미래에셋글로벌리츠,KOSPI,20260907,1540,1490
400760,NH올원리츠,KOSPI,20260907,2790,2800
402340,SK스퀘어,KOSPI,20260907,1105000,1125000
403550,쏘카,KOSPI,20260907,11280,11150
404990,신한서부티엔디리츠,KOSPI,20260907,3930,3900
415640,KB발해인프라,KOSPI,20260907,10530,10490
417310,코람코더원리츠,KOSPI,20260907,2370,2365
432320,KB스타리츠,KOSPI,20260907,1490,1498
439260,대한조선,KOSPI,20260907,47250,47900
443060,HD현대마린솔루션,KOSPI,20260907,215000,212000
446070,유니드비티플러스,KOSPI,20260907,3945,3790
448730,삼성FN리츠,KOSPI,20260907,5290,5250
450080,에코프로머티,KOSPI,20260907,36300,36500
451800,한화리츠,KOSPI,20260907,5170,5250
452260,한화갤러리아,KOSPI,20260907,2320,2380
45226K,한화갤러리아우,KOSPI,20260907,4040,4040
453340,현대그린푸드,KOSPI,20260907,18900,18680
454910,두산로보틱스,KOSPI,20260907,69500,70400
456040,OCI,KOSPI,20260907,80500,81800
457190,이수스페셜티케미컬,KOSPI,20260907,65600,65900
460850,동국씨엠,KOSPI,20260907,5290,5250
460860,동국제강,KOSPI,20260907,10690,10490
462520,조선내화,KOSPI,20260907,12860,12910
462870,시프트업,KOSPI,20260907,31750,31550
465770,STX그린로지스,KOSPI,20260907,4030,3800
475150,SK이터닉스,KOSPI,20260907,52600,52100
475560,더본코리아,KOSPI,20260907,15490,15430
480370,씨케이솔루션,KOSPI,20260907,1471,1598
481850,신한글로벌액티브리츠,KOSPI,20260907,987,985
483650,달바글로벌,KOSPI,20260907,190800,186700
484870,엠앤씨솔루션,KOSPI,20260907,16670,17050
487570,HS효성,KOSPI,20260907,48100,48850
489790,한화비전,KOSPI,20260907,50600,49700
499790,GS피앤엘,KOSPI,20260907,42700,40550
900140,엘브이엠씨홀딩스,KOSPI,20260907,1212,1215
950210,프레스티지바이오파마,KOSPI,20260907,6490,6450
